s,kW/m2,kg/m2/s,kW/m2,C,kW/m2,kW/m3,kW/m3,kW/m2,C
Time,"U","burn","con","gas","gauge","hrrpuv","qr","rad","temp"
 0.0000000E+000, 1.6750492E+000, 0.0000000E+000, 0.0000000E+000, 2.0000000E+001,-1.6805134E-006, 0.0000000E+000,-1.3940661E-006,-1.5124202E-006, 2.0000000E+001
 2.0412415E-001, 1.8077296E+000, 1.4466384E-020,-1.2429828E-005, 2.0001868E+001, 2.5848680E-002, 0.0000000E+000, 1.3110308E-002, 2.3250897E-002, 2.0052375E+001
 4.0824829E-001, 1.9392764E+000, 2.8934994E-020,-3.0756990E-005, 2.0037398E+001, 5.2226967E-002, 0.0000000E+000, 2.6033866E-002, 4.6576968E-002, 2.0129225E+001
 6.1237244E-001, 2.0708232E+000, 2.8941683E-020, 1.2044608E-005, 2.0256379E+001, 7.8756494E-002, 0.0000000E+000, 3.8542096E-002, 6.9903038E-002, 2.0279279E+001
 8.1649658E-001, 2.9796633E+000, 2.8955293E-020, 4.4318309E-004, 2.1118540E+001, 2.7592066E-001, 0.0000000E+000, 1.2642093E-001, 2.4489618E-001, 2.0869466E+001
 1.0206207E+000, 4.0243634E+000, 2.8997171E-020, 3.5575166E-003, 2.3751019E+001, 4.8960881E-001, 0.0000000E+000, 2.2358509E-001, 4.2920553E-001, 2.1583997E+001
 1.2247449E+000, 5.0690636E+000, 2.9085467E-020, 1.6903646E-002, 3.0185536E+001, 7.1674289E-001, 0.0000000E+000, 3.1120342E-001, 6.1351488E-001, 2.2918471E+001
 1.4288690E+000, 8.0687226E+000, 2.9257040E-020, 4.9486069E-002, 4.1951996E+001, 1.3096242E+000, 0.0000000E+000, 5.7642099E-001, 1.0955147E+000, 2.5790805E+001
 1.6329932E+000, 9.6164500E+000, 2.9696200E-020, 9.9718918E-002, 5.6243604E+001, 1.6558313E+000, 0.0000000E+000, 6.1426928E-001, 1.3324404E+000, 2.8723940E+001
 1.8371173E+000, 1.1164177E+001, 3.0654984E-020, 1.4004173E-001, 6.5424390E+001, 1.9941205E+000, 0.0000000E+000, 7.2382928E-001, 1.5693662E+000, 3.1931524E+001
 2.0412415E+000, 1.4422709E+001, 3.2561299E-020, 1.3965126E-001, 6.7349711E+001, 2.6489172E+000, 0.0000000E+000, 1.0060242E+000, 2.1176368E+000, 3.6517767E+001
 2.2453656E+000, 1.5906156E+001, 3.7259049E-020, 9.4971242E-002, 5.9798511E+001, 2.9221576E+000, 0.0000000E+000, 1.1602694E+000, 2.3685489E+000, 4.0540485E+001
 2.4308288E+000, 1.7389603E+001, 4.7477513E-020, 5.1093311E-002, 5.4821674E+001, 3.1897116E+000, 0.0000000E+000, 1.3060026E+000, 2.6194611E+000, 4.4146455E+001
 2.6810321E+000, 2.0100470E+001, 7.5526953E-020, 3.9821668E-002, 6.1923699E+001, 3.7094350E+000, 0.0000000E+000, 1.5247629E+000, 3.0562053E+000, 4.9975691E+001
 2.8224256E+000, 2.2093426E+001, 1.5589679E-019, 6.3874021E-002, 7.2787596E+001, 4.0899701E+000, 0.0000000E+000, 1.6668330E+000, 3.2993490E+000, 5.4797036E+001
 3.0345159E+000, 2.2864441E+001, 3.8290515E-019, 7.5378061E-002, 7.8976710E+001, 4.2445252E+000, 0.0000000E+000, 1.7139059E+000, 3.3880268E+000, 5.9794142E+001
 3.2466063E+000, 2.3838707E+001, 9.0111847E-019, 7.5977382E-002, 8.4147413E+001, 4.4083876E+000, 0.0000000E+000, 1.7815713E+000, 3.4798341E+000, 6.3986976E+001
 3.4586966E+000, 2.4554544E+001, 2.5786840E-018, 7.2457424E-002, 8.7324887E+001, 4.5338424E+000, 0.0000000E+000, 1.8331429E+000, 3.5470383E+000, 6.8948806E+001
 3.6000901E+000, 2.5050003E+001, 5.1661738E-018, 5.7682291E-002, 8.5995381E+001, 4.6097606E+000, 3.8345413E-005, 1.8819447E+000, 3.5873411E+000, 7.2117307E+001
 3.8121804E+000, 2.5487308E+001, 9.9164141E-018, 3.8447400E-002, 8.3942096E+001, 4.6637167E+000, 1.6718780E-004, 1.9282125E+000, 3.6167346E+000, 7.5091564E+001
 4.0242707E+000, 2.5910081E+001, 2.3782631E-017, 1.2689111E-002, 8.1104803E+001, 4.7085784E+000, 8.7804453E-004, 1.9758640E+000, 3.6370649E+000, 7.9200331E+001
 4.2363610E+000, 2.6246350E+001, 4.5688710E-017,-2.6903097E-002, 7.1767157E+001, 4.7246588E+000, 4.1377130E-003, 2.0376533E+000, 3.6387248E+000, 8.2092394E+001
 4.4484513E+000, 2.6549735E+001, 9.6795060E-017,-4.4576073E-002, 7.3140776E+001, 4.7465931E+000, 1.4703534E-002, 2.0601925E+000, 3.6462530E+000, 8.5662528E+001
 4.6605416E+000, 2.6844225E+001, 1.7024733E-016,-9.2833352E-003, 8.7889943E+001, 4.8294068E+000, 4.5378068E-002, 2.0349384E+000, 3.6492762E+000, 8.8595175E+001
 4.8545045E+000, 2.7125560E+001, 3.3930414E-016, 1.5252635E-002, 9.5734228E+001, 4.9205981E+000, 1.3416640E-001, 2.0320523E+000, 3.6578042E+000, 9.2169345E+001
 5.0455671E+000, 2.7409870E+001, 5.6865563E-016, 1.0696320E-002, 9.6366524E+001, 4.9648283E+000, 3.5141438E-001, 2.0612531E+000, 3.6546781E+000, 9.4627440E+001
 5.2489563E+000, 2.7624185E+001, 1.0156270E-015,-7.1869650E-003, 9.4671970E+001, 4.9790757E+000, 8.1144482E-001, 2.1011279E+000, 3.6511651E+000, 9.7726628E+001
 5.4659048E+000, 2.7847439E+001, 1.6444332E-015,-2.4761205E-002, 9.1776576E+001, 4.9984458E+000, 1.6955442E+000, 2.1589420E+000, 3.6419176E+000, 1.0021261E+002
 5.6150569E+000, 2.7972467E+001, 2.5801700E-015,-5.4345867E-002, 8.6044788E+001, 4.9985803E+000, 3.0206617E+000, 2.2287789E+000, 3.6431404E+000, 1.0268966E+002
 5.8387850E+000, 2.8216003E+001, 4.1898817E-015,-8.4457691E-002, 8.1524601E+001, 5.0141292E+000, 5.1204153E+000, 2.3275643E+000, 3.6373738E+000, 1.0511586E+002
 6.0625131E+000, 2.8481579E+001, 4.2884074E-015,-6.8137258E-002, 9.2370493E+001, 5.0750958E+000, 8.9237356E+000, 2.4093113E+000, 3.6475138E+000, 1.0802699E+002
 6.2116651E+000, 2.8767448E+001, 5.6037789E-015,-1.8924137E-002, 1.0722204E+002, 5.1806225E+000, 1.4273482E+001, 2.4755555E+000, 3.6322851E+000, 1.1090969E+002
 6.4353933E+000, 2.8971255E+001, 9.2424457E-015, 8.0869930E-003, 1.1559013E+002, 5.2641034E+000, 2.3247837E+001, 2.6589801E+000, 3.6416686E+000, 1.1380146E+002
 6.6591214E+000, 2.9754966E+001, 1.4802929E-014, 2.1634982E-002, 1.2130183E+002, 5.4502253E+000, 3.6294193E+001,-2.7820441E+001, 3.7422816E+000, 1.1648870E+002
 6.8082734E+000, 3.0648194E+001, 2.3107121E-014, 1.8277371E-002, 1.2390574E+002, 5.6650274E+000, 4.8158255E+001,-4.6523034E+001, 3.8868522E+000, 1.1990574E+002
 7.0079467E+000, 3.1619341E+001, 3.7390189E-014, 2.2603183E-002, 1.2814983E+002, 5.9175018E+000, 5.8887988E+001,-5.4614589E+001, 4.0486160E+000, 1.2361523E+002
 7.2076199E+000, 3.2854950E+001, 5.9444583E-014, 2.6545523E-002, 1.3298330E+002, 6.2232811E+000, 6.6496201E+001,-6.2551311E+001, 4.2461028E+000, 1.2703950E+002
 7.4578370E+000, 3.4338054E+001, 1.1351069E-013, 3.8044888E-002, 1.4098904E+002, 6.5848751E+000, 8.9651241E+001,-7.3659777E+001, 4.4770279E+000, 1.3244125E+002
 7.6334894E+000, 3.5797338E+001, 2.2184325E-013, 4.3759656E-002, 1.4691319E+002, 6.9133703E+000, 1.1457365E+002,-8.0877708E+001, 4.6803544E+000, 1.3787214E+002
 7.8091419E+000, 3.6840686E+001, 3.5449321E-013, 4.3917041E-002, 1.5106520E+002, 7.1580173E+000, 1.1251759E+002,-8.5342100E+001, 4.8155883E+000, 1.4128220E+002
 8.0433451E+000, 3.7891128E+001, 6.8153149E-013, 4.9243280E-002, 1.5746599E+002, 7.4321161E+000, 1.1008155E+002,-8.9971260E+001, 4.9632244E+000, 1.4662880E+002
 8.2042705E+000, 3.9077971E+001, 1.3117260E-012, 7.3003040E-002, 1.6777279E+002, 7.7144885E+000, 1.2340568E+002,-1.0008392E+002, 5.0994753E+000, 1.5137532E+002
 8.4090197E+000, 4.0117750E+001, 2.3226173E-012, 7.7759685E-002, 1.7220850E+002, 7.9765716E+000, 1.5286126E+002,-1.0912726E+002, 5.2283447E+000, 1.5586104E+002
 8.6137688E+000, 4.1108577E+001, 4.3705766E-012, 6.3046930E-002, 1.7332733E+002, 8.1952463E+000, 2.0234781E+002,-1.1725799E+002, 5.3308230E+000, 1.6060435E+002
 8.8185180E+000, 4.2229880E+001, 8.1286716E-012, 5.6790313E-002, 1.7769899E+002, 8.4349010E+000, 2.3807905E+002,-1.2183036E+002, 5.4720427E+000, 1.6548582E+002
 9.0232671E+000, 4.3098355E+001, 1.5016323E-011, 5.6457646E-002, 1.8238225E+002, 8.6407181E+000, 2.0275158E+002,-1.1900534E+002, 5.5396142E+000, 1.7047848E+002
 9.2031733E+000, 4.3779774E+001, 2.7149747E-011, 6.1172812E-002, 1.8779276E+002, 8.7998993E+000, 1.8234782E+002,-1.2260243E+002, 5.5725782E+000, 1.7475126E+002
 9.4280559E+000, 4.4549589E+001, 4.8177353E-011, 7.3630433E-002, 1.9529442E+002, 8.9831953E+000, 1.9818263E+002,-1.3155112E+002, 5.6288316E+000, 1.7924398E+002
 9.6079621E+000, 4.5030828E+001, 8.4977725E-011, 6.4234556E-002, 1.9612624E+002, 9.1327262E+000, 2.5918396E+002,-1.3363756E+002, 5.6394053E+000, 1.8367667E+002
 9.8328448E+000, 4.5568962E+001, 1.4877720E-010, 3.9703648E-002, 1.9569841E+002, 9.2140117E+000, 3.0407561E+002,-1.3930085E+002, 5.6585124E+000, 1.8783645E+002
 1.0012751E+001, 4.6127439E+001, 2.4578125E-010, 2.9479787E-002, 1.9763711E+002, 9.3178025E+000, 3.0767010E+002,-1.4228966E+002, 5.6733668E+000, 1.9177075E+002
 1.0237634E+001, 4.6502430E+001, 4.0007933E-010, 1.7562718E-002, 1.9864059E+002, 9.4019389E+000, 2.8535583E+002,-1.4059540E+002, 5.6511532E+000, 1.9553270E+002
 1.0417540E+001, 4.6839716E+001, 6.4634192E-010, 4.3431518E-003, 1.9948873E+002, 9.4709076E+000, 2.9430557E+002,-1.4379018E+002, 5.6282761E+000, 1.9924069E+002
 1.0642422E+001, 4.7152840E+001, 1.0313156E-009,-1.0467702E-002, 1.9981230E+002, 9.5313131E+000, 3.2664137E+002,-1.4844593E+002, 5.5999500E+000, 2.0280519E+002
 1.0822329E+001, 4.7388490E+001, 1.5691986E-009,-2.1900735E-002, 2.0070727E+002, 9.5645614E+000, 3.4540161E+002,-1.4740166E+002, 5.5619884E+000, 2.0606576E+002
 1.1002235E+001, 4.7621086E+001, 2.2634785E-009,-2.8286764E-002, 2.0212221E+002, 9.6105307E+000, 3.3233118E+002,-1.5059893E+002, 5.5380028E+000, 2.0895492E+002
 1.1227117E+001, 4.7850715E+001, 3.3372072E-009,-4.8497964E-002, 2.0079310E+002, 9.6604487E+000, 2.8653884E+002,-1.4173437E+002, 5.4960448E+000, 2.1208951E+002
 1.1407023E+001, 4.7799566E+001, 4.9012837E-009,-5.9639551E-002, 2.0181754E+002, 9.6325747E+000, 2.4307853E+002,-1.3691070E+002, 5.4094314E+000, 2.1492659E+002
 1.1631906E+001, 4.7794018E+001, 7.0638928E-009,-5.6416309E-002, 2.0520327E+002, 9.6271076E+000, 2.5709732E+002,-1.4046579E+002, 5.3152852E+000, 2.1767818E+002
 1.1811812E+001, 4.7806300E+001, 9.7900388E-009,-6.2002665E-002, 2.0606029E+002, 9.6146391E+000, 3.1597097E+002,-1.4984074E+002, 5.2483861E+000, 2.2013560E+002
 1.2036695E+001, 4.8206919E+001, 1.3363890E-008,-7.5586729E-002, 2.0576920E+002, 9.7003149E+000, 3.6019594E+002,-1.5343595E+002, 5.2579736E+000, 2.2279952E+002
 1.2216601E+001, 4.8567722E+001, 1.8318006E-008,-9.7756615E-002, 2.0357874E+002, 9.7693255E+000, 3.2035836E+002,-1.4916333E+002, 5.2621341E+000, 2.2569576E+002
 1.2441484E+001, 4.8750215E+001, 2.5125057E-008,-1.1768767E-001, 2.0240189E+002, 9.7759237E+000, 2.2101492E+002,-1.3807461E+002, 5.1986889E+000, 2.2829621E+002
 1.2621390E+001, 4.8642406E+001, 3.3475156E-008,-1.0907926E-001, 2.0711309E+002, 9.7462034E+000, 2.2809496E+002,-1.4236969E+002, 5.0985962E+000, 2.3059173E+002
 1.2801296E+001, 4.8757729E+001, 4.2906056E-008,-1.0315062E-001, 2.1023426E+002, 9.7898609E+000, 3.0839077E+002,-1.5649990E+002, 5.0614331E+000, 2.3260241E+002
 1.3026179E+001, 4.9120119E+001, 5.5758491E-008,-1.1810705E-001, 2.0926421E+002, 9.8836733E+000, 3.7317229E+002,-1.6303729E+002, 5.0791101E+000, 2.3505436E+002
 1.3206085E+001, 4.9812998E+001, 7.3021971E-008,-1.3587570E-001, 2.0805601E+002, 1.0010189E+001, 2.9674630E+002,-1.5415720E+002, 5.1267208E+000, 2.3775744E+002
 1.3430968E+001, 5.0044660E+001, 9.6301823E-008,-1.3342178E-001, 2.1171865E+002, 1.0057122E+001, 2.2541621E+002,-1.4811508E+002, 5.0938246E+000, 2.4056819E+002
 1.3610874E+001, 5.0121444E+001, 1.2490205E-007,-1.1366986E-001, 2.1902856E+002, 1.0098988E+001, 2.9124803E+002,-1.6020671E+002, 5.0210243E+000, 2.4287729E+002
 1.3835756E+001, 5.0359505E+001, 1.6036641E-007,-1.1051258E-001, 2.2141917E+002, 1.0174542E+001, 4.0038805E+002,-1.7786427E+002, 5.0038282E+000, 2.4522236E+002
 1.4015663E+001, 5.0960743E+001, 2.0637167E-007,-1.2986512E-001, 2.1951360E+002, 1.0284663E+001, 3.9467094E+002,-1.7075905E+002, 5.0366908E+000, 2.4768983E+002
 1.4240545E+001, 5.1378958E+001, 2.6600242E-007,-1.3623868E-001, 2.2103352E+002, 1.0377149E+001, 3.8320545E+002,-1.6635251E+002, 5.0554464E+000, 2.5050132E+002
 1.4420451E+001, 5.1510216E+001, 3.3879164E-007,-1.3490400E-001, 2.2387074E+002, 1.0409048E+001, 4.1084033E+002,-1.6872639E+002, 4.9893323E+000, 2.5284990E+002
 1.4600357E+001, 5.1449220E+001, 4.1916385E-007,-1.4271685E-001, 2.2391903E+002, 1.0384989E+001, 4.1252718E+002,-1.7086207E+002, 4.9082773E+000, 2.5460586E+002
 1.4825240E+001, 5.1529513E+001, 5.2161802E-007,-1.4847595E-001, 2.2456797E+002, 1.0396054E+001, 4.1484024E+002,-1.7485674E+002, 4.8603340E+000, 2.5649138E+002
 1.5005146E+001, 5.1713019E+001, 6.4702955E-007,-1.6104053E-001, 2.2372429E+002, 1.0437438E+001, 4.1448995E+002,-1.7526289E+002, 4.8378275E+000, 2.5858709E+002
 1.5230029E+001, 5.1892525E+001, 7.9933104E-007,-1.8136807E-001, 2.2164439E+002, 1.0461012E+001, 4.1229625E+002,-1.7381274E+002, 4.8080646E+000, 2.6058153E+002
 1.5409935E+001, 5.2029975E+001, 9.7101555E-007,-1.8024926E-001, 2.2397850E+002, 1.0482699E+001, 4.1496111E+002,-1.7756672E+002, 4.7646517E+000, 2.6247869E+002
 1.5634818E+001, 5.2190231E+001, 1.1740673E-006,-1.8074958E-001, 2.2537597E+002, 1.0523739E+001, 4.1882236E+002,-1.8055644E+002, 4.7291996E+000, 2.6433974E+002
 1.5814724E+001, 5.2305925E+001, 1.4222364E-006,-1.9915761E-001, 2.2354880E+002, 1.0537081E+001, 4.1858248E+002,-1.7981473E+002, 4.6886719E+000, 2.6617660E+002
 1.6039607E+001, 5.2527130E+001, 1.7134084E-006,-2.0383154E-001, 2.2426437E+002, 1.0574071E+001, 4.2046227E+002,-1.8616923E+002, 4.6694762E+000, 2.6801305E+002
 1.6219513E+001, 5.2743052E+001, 2.0369262E-006,-2.0763303E-001, 2.2520641E+002, 1.0621229E+001, 4.2087664E+002,-1.8643384E+002, 4.6463663E+000, 2.6983144E+002
 1.6444395E+001, 5.2889208E+001, 2.4161115E-006,-2.1069986E-001, 2.2639376E+002, 1.0652847E+001, 4.2111683E+002,-1.8447855E+002, 4.6097724E+000, 2.7155709E+002
 1.6624302E+001, 5.3022843E+001, 2.8722877E-006,-2.1612560E-001, 2.2689723E+002, 1.0680294E+001, 4.2134004E+002,-1.8591711E+002, 4.5742729E+000, 2.7334042E+002
 1.6804208E+001, 5.3028699E+001, 3.3269516E-006,-2.2962889E-001, 2.2612528E+002, 1.0680921E+001, 4.2073547E+002,-1.8607860E+002, 4.5252560E+000, 2.7467241E+002
 1.7029090E+001, 5.3124676E+001, 3.9075904E-006,-2.2756559E-001, 2.2816479E+002, 1.0700479E+001, 4.2120213E+002,-1.8938911E+002, 4.4780542E+000, 2.7623626E+002
 1.7208997E+001, 5.3211947E+001, 4.5308128E-006,-2.4555623E-001, 2.2618649E+002, 1.0727377E+001, 4.1999490E+002,-1.8504899E+002, 4.4433135E+000, 2.7768038E+002
 1.7433879E+001, 5.3256712E+001, 5.2242366E-006,-2.6137798E-001, 2.2561219E+002, 1.0739901E+001, 4.2000984E+002,-1.8717444E+002, 4.3974387E+000, 2.7898798E+002
 1.7613785E+001, 5.3366350E+001, 6.0182050E-006,-2.5788933E-001, 2.2799199E+002, 1.0764011E+001, 4.2368332E+002,-1.9193125E+002, 4.3719540E+000, 2.8046983E+002
 1.7838668E+001, 5.3561267E+001, 6.9247435E-006,-2.5001899E-001, 2.3017865E+002, 1.0808269E+001, 4.2598429E+002,-1.9599138E+002, 4.3451211E+000, 2.8200314E+002
 1.8018574E+001, 5.3734915E+001, 7.9045769E-006,-2.8348269E-001, 2.2600436E+002, 1.0852864E+001, 4.2441204E+002,-1.8885116E+002, 4.3275707E+000, 2.8332565E+002
 1.8243457E+001, 5.3732868E+001, 8.9770805E-006,-3.0618670E-001, 2.2448264E+002, 1.0849236E+001, 4.2458724E+002,-1.8477771E+002, 4.2709903E+000, 2.8449163E+002
 1.8423363E+001, 5.3669267E+001, 1.0177549E-005,-2.9053883E-001, 2.2848369E+002, 1.0827122E+001, 4.2717815E+002,-1.9063244E+002, 4.2118805E+000, 2.8568412E+002
 1.8603269E+001, 5.3730290E+001, 1.1304170E-005,-2.7833189E-001, 2.3066657E+002, 1.0836632E+001, 4.3056537E+002,-1.9550906E+002, 4.1699869E+000, 2.8676214E+002
 1.8828152E+001, 5.3891740E+001, 1.2720519E-005,-3.0080314E-001, 2.2845672E+002, 1.0878261E+001, 4.3031728E+002,-1.9357239E+002, 4.1628766E+000, 2.8795981E+002
 1.9008058E+001, 5.4086807E+001, 1.4193897E-005,-3.1039671E-001, 2.2859419E+002, 1.0929690E+001, 4.3013362E+002,-1.9345610E+002, 4.1567725E+000, 2.8920082E+002
 1.9232941E+001, 5.4129369E+001, 1.5832194E-005,-3.1781602E-001, 2.2822194E+002, 1.0940609E+001, 4.3007313E+002,-1.9013464E+002, 4.1174645E+000, 2.9033498E+002
 1.9412847E+001, 5.4005789E+001, 1.7670173E-005,-3.4103222E-001, 2.2688601E+002, 1.0910180E+001, 4.2825724E+002,-1.8747901E+002, 4.0441418E+000, 2.9125318E+002
 1.9637729E+001, 5.4095341E+001, 1.9580198E-005,-3.0707631E-001, 2.3228292E+002, 1.0926854E+001, 4.3330588E+002,-1.9987215E+002, 4.0240123E+000, 2.9238996E+002
 1.9817636E+001, 5.4271819E+001, 2.1571274E-005,-3.1846661E-001, 2.3148999E+002, 1.0970460E+001, 4.3633791E+002,-1.9878257E+002, 4.0137731E+000, 2.9347561E+002
 2.0042518E+001, 5.4453213E+001, 2.3740271E-005,-3.4492422E-001, 2.2852050E+002, 1.1012538E+001, 4.3557315E+002,-1.9113327E+002, 4.0088637E+000, 2.9447967E+002
 2.0222424E+001, 5.4536794E+001, 2.6164973E-005,-3.4988817E-001, 2.2941048E+002, 1.1027119E+001, 4.3709233E+002,-1.9287053E+002, 3.9704434E+000, 2.9554303E+002
 2.0402331E+001, 5.4536703E+001, 2.8421443E-005,-3.4894906E-001, 2.3038021E+002, 1.1021413E+001, 4.4363929E+002,-1.9500719E+002, 3.9337316E+000, 2.9634717E+002
 2.0627213E+001, 5.4670370E+001, 3.1140416E-005,-3.4121257E-001, 2.3234888E+002, 1.1046238E+001, 4.5161806E+002,-1.9878225E+002, 3.9175834E+000, 2.9734768E+002
 2.0807119E+001, 5.4954283E+001, 3.3922391E-005,-3.4389609E-001, 2.3294691E+002, 1.1111473E+001, 4.5684111E+002,-1.9885666E+002, 3.9311296E+000, 2.9841993E+002
 2.1032002E+001, 5.5237810E+001, 3.7012577E-005,-3.3427682E-001, 2.3587350E+002, 1.1182872E+001, 4.6110503E+002,-2.0342251E+002, 3.9425194E+000, 2.9963363E+002
 2.1211908E+001, 5.5466085E+001, 4.0655868E-005,-3.2866704E-001, 2.3745745E+002, 1.1235383E+001, 4.6536065E+002,-2.0382450E+002, 3.9370872E+000, 3.0090689E+002
 2.1436791E+001, 5.5613844E+001, 4.4690979E-005,-3.4178097E-001, 2.3674548E+002, 1.1267118E+001, 4.6757154E+002,-2.0217448E+002, 3.9189965E+000, 3.0193119E+002
 2.1616697E+001, 5.5798648E+001, 4.8722047E-005,-3.3606862E-001, 2.3890297E+002, 1.1309904E+001, 4.7110253E+002,-2.0796499E+002, 3.9120710E+000, 3.0298757E+002
 2.1841580E+001, 5.6020179E+001, 5.3069423E-005,-3.2545664E-001, 2.4132219E+002, 1.1361146E+001, 4.7532375E+002,-2.1312459E+002, 3.9083465E+000, 3.0410077E+002
 2.2021486E+001, 5.6260866E+001, 5.8000503E-005,-3.4674333E-001, 2.3885702E+002, 1.1416025E+001, 4.7781539E+002,-2.0820726E+002, 3.9098625E+000, 3.0516151E+002
 2.2201392E+001, 5.6310043E+001, 6.2513616E-005,-3.6308838E-001, 2.3809768E+002, 1.1425663E+001, 4.7870306E+002,-1.9957474E+002, 3.8843522E+000, 3.0594726E+002
 2.2426275E+001, 5.6189632E+001, 6.7826097E-005,-3.3656439E-001, 2.4289919E+002, 1.1390341E+001, 4.8146185E+002,-2.0555214E+002, 3.8096206E+000, 3.0681360E+002
 2.2606181E+001, 5.6157835E+001, 7.3002345E-005,-3.3311827E-001, 2.4329795E+002, 1.1380461E+001, 4.8478095E+002,-2.1315072E+002, 3.7720647E+000, 3.0747063E+002
 2.2831063E+001, 5.6275982E+001, 7.8114645E-005,-3.6292152E-001, 2.3985888E+002, 1.1402727E+001, 4.8384825E+002,-2.0351021E+002, 3.7609753E+000, 3.0808689E+002
 2.3010970E+001, 5.6332540E+001, 8.3462761E-005,-3.5359042E-001, 2.4250322E+002, 1.1417238E+001, 4.8581602E+002,-2.0383607E+002, 3.7461523E+000, 3.0887731E+002
 2.3235852E+001, 5.6361747E+001, 8.9155562E-005,-3.4227195E-001, 2.4446017E+002, 1.1420403E+001, 4.8678981E+002,-2.0797057E+002, 3.7082487E+000, 3.0963812E+002
 2.3415758E+001, 5.6346131E+001, 9.4762752E-005,-3.6632967E-001, 2.4112427E+002, 1.1417404E+001, 4.8777544E+002,-2.0630613E+002, 3.6816164E+000, 3.1012401E+002
 2.3640641E+001, 5.6426176E+001, 1.0018183E-004,-3.6553683E-001, 2.4283706E+002, 1.1434796E+001, 4.9012415E+002,-2.0554922E+002, 3.6710633E+000, 3.1072661E+002
 2.3802251E+001, 5.6613604E+001, 1.0598150E-004,-3.3519729E-001, 2.4771038E+002, 1.1479216E+001, 4.9828987E+002,-2.1653238E+002, 3.6827916E+000, 3.1159872E+002
 2.4004264E+001, 5.6775550E+001, 1.1200895E-004,-3.4463112E-001, 2.4655506E+002, 1.1513307E+001, 4.9476233E+002,-2.1047588E+002, 3.6712197E+000, 3.1227848E+002
 2.4206277E+001, 5.6836127E+001, 1.1840134E-004,-3.5032760E-001, 2.4680494E+002, 1.1529564E+001, 4.9387252E+002,-2.1084459E+002, 3.6590224E+000, 3.1286075E+002
 2.4408290E+001, 5.6893220E+001, 1.2539785E-004,-3.4805413E-001, 2.4758680E+002, 1.1543724E+001, 4.9566432E+002,-2.1338033E+002, 3.6405009E+000, 3.1360242E+002
 2.4610303E+001, 5.6949578E+001, 1.3202163E-004,-3.4490148E-001, 2.4865170E+002, 1.1556617E+001, 4.9671168E+002,-2.1786156E+002, 3.6271614E+000, 3.1408489E+002
 2.4812316E+001, 5.7262379E+001, 1.3914554E-004,-3.6351971E-001, 2.4644868E+002, 1.1634143E+001, 4.9816814E+002,-2.1469099E+002, 3.6638215E+000, 3.1488707E+002
 2.5014329E+001, 5.7281902E+001, 1.4626277E-004,-3.6932243E-001, 2.4673596E+002, 1.1636621E+001, 4.9913234E+002,-2.1315494E+002, 3.6356788E+000, 3.1543866E+002
 2.5216342E+001, 5.7364006E+001, 1.5393961E-004,-3.5363977E-001, 2.4942622E+002, 1.1651382E+001, 5.0047984E+002,-2.2267459E+002, 3.6201870E+000, 3.1605775E+002
 2.5418355E+001, 5.7316255E+001, 1.6109775E-004,-3.6635231E-001, 2.4815063E+002, 1.1642200E+001, 4.9049763E+002,-2.2070437E+002, 3.5906303E+000, 3.1643107E+002
 2.5620368E+001, 5.7733449E+001, 1.6855859E-004,-3.5193005E-001, 2.5155141E+002, 1.1737930E+001, 4.9241342E+002,-2.2710653E+002, 3.6532022E+000, 3.1726787E+002
 2.5822381E+001, 5.7580759E+001, 1.7644633E-004,-3.7201016E-001, 2.4686144E+002, 1.1713736E+001, 4.2659531E+002,-2.1027135E+002, 3.5880899E+000, 3.1777607E+002
 2.6024394E+001, 5.7463413E+001, 1.8430435E-004,-4.0336628E-001, 2.4468258E+002, 1.1677081E+001, 4.1031431E+002,-2.0438350E+002, 3.5568226E+000, 3.1784154E+002
 2.6226407E+001, 5.7036377E+001, 1.9038689E-004,-4.2094119E-001, 2.4263352E+002, 1.1558695E+001, 4.3195925E+002,-2.0459252E+002, 3.4418959E+000, 3.1771778E+002
 2.6428420E+001, 5.6856048E+001, 1.9503073E-004,-4.5529746E-001, 2.3441845E+002, 1.1479860E+001, 3.6770691E+002,-1.7989899E+002, 3.3900098E+000, 3.1741383E+002
 2.6630433E+001, 5.5140567E+001, 1.9673388E-004,-6.2306567E-001, 2.1497251E+002, 1.1019586E+001, 3.1097556E+002,-1.4543823E+002, 3.0725867E+000, 3.1561284E+002
 2.6832446E+001, 5.4564977E+001, 1.9265909E-004,-4.5523235E-001, 2.3555059E+002, 1.0894050E+001, 4.3444397E+002,-2.0451526E+002, 3.0007503E+000, 3.1456631E+002
 2.7034459E+001, 5.4656677E+001, 1.8916719E-004,-4.5241070E-001, 2.3305303E+002, 1.0948262E+001, 4.2403285E+002,-1.9790524E+002, 3.0517344E+000, 3.1444659E+002
 2.7236472E+001, 5.6371315E+001, 1.8801641E-004,-4.4365699E-001, 2.3809488E+002, 1.1377323E+001, 4.3676012E+002,-2.0333943E+002, 3.4125639E+000, 3.1589076E+002
 2.7438485E+001, 5.7353686E+001, 1.9365064E-004,-3.8789990E-001, 2.4701467E+002, 1.1628066E+001, 4.5689661E+002,-2.2368208E+002, 3.5266304E+000, 3.1777797E+002
 2.7600095E+001, 5.7690358E+001, 2.0321785E-004,-4.2956873E-001, 2.3900833E+002, 1.1662254E+001, 4.1337181E+002,-1.9163190E+002, 3.5124743E+000, 3.1847311E+002
 2.7802108E+001, 5.6835681E+001, 2.1119636E-004,-5.7651920E-001, 2.2096990E+002, 1.1408785E+001, 3.6232888E+002,-1.5883141E+002, 3.3190099E+000, 3.1768298E+002
 2.8004121E+001, 5.5523209E+001, 2.1399251E-004,-5.3357768E-001, 2.2733145E+002, 1.1071132E+001, 4.1772501E+002,-1.8203281E+002, 3.0715266E+000, 3.1649011E+002
 2.8206134E+001, 5.4862834E+001, 2.1235249E-004,-5.0408217E-001, 2.2845859E+002, 1.0934186E+001, 4.2709512E+002,-1.8318458E+002, 2.9808317E+000, 3.1563396E+002
 2.8408147E+001, 5.5218150E+001, 2.0947160E-004,-5.3420200E-001, 2.2480358E+002, 1.1027535E+001, 4.2627643E+002,-1.7931222E+002, 3.0996498E+000, 3.1547919E+002
 2.8610160E+001, 5.5723686E+001, 2.0879179E-004,-4.7950691E-001, 2.3334352E+002, 1.1164896E+001, 4.4031077E+002,-1.9123354E+002, 3.1788104E+000, 3.1622248E+002
 2.8812173E+001, 5.6101283E+001, 2.1180037E-004,-4.2311879E-001, 2.4081914E+002, 1.1255228E+001, 4.5458258E+002,-2.0595782E+002, 3.2227006E+000, 3.1691815E+002
 2.9014186E+001, 5.6657218E+001, 2.1720060E-004,-4.5400598E-001, 2.3674933E+002, 1.1381825E+001, 4.5448431E+002,-1.9516360E+002, 3.3072731E+000, 3.1765592E+002
 2.9216199E+001, 5.6793019E+001, 2.2316410E-004,-4.6636046E-001, 2.3640192E+002, 1.1417210E+001, 4.5666253E+002,-1.8669660E+002, 3.3101321E+000, 3.1815814E+002
 2.9418212E+001, 5.6595838E+001, 2.2971985E-004,-4.3971677E-001, 2.4017325E+002, 1.1366426E+001, 4.6458037E+002,-1.9507694E+002, 3.2472198E+000, 3.1840914E+002
 2.9620225E+001, 5.6614433E+001, 2.3481294E-004,-4.3500332E-001, 2.4074083E+002, 1.1369850E+001, 4.6893862E+002,-1.9861068E+002, 3.2448406E+000, 3.1859827E+002
 2.9822238E+001, 5.6850898E+001, 2.3992801E-004,-4.2995501E-001, 2.4194555E+002, 1.1432453E+001, 4.7118695E+002,-1.9508360E+002, 3.2815661E+000, 3.1902309E+002
 3.0024251E+001, 5.7009916E+001, 2.4533064E-004,-4.2765321E-001, 2.4249478E+002, 1.1464138E+001, 4.7542290E+002,-1.9519503E+002, 3.2882957E+000, 3.1946291E+002
 3.0226264E+001, 5.6951085E+001, 2.5142951E-004,-4.3455868E-001, 2.4190303E+002, 1.1442236E+001, 4.7805187E+002,-1.9413083E+002, 3.2569805E+000, 3.1964004E+002
 3.0428277E+001, 5.6970281E+001, 2.5630356E-004,-4.2881329E-001, 2.4306577E+002, 1.1444547E+001, 4.8027900E+002,-1.9707370E+002, 3.2516923E+000, 3.1982373E+002
 3.0630290E+001, 5.7132464E+001, 2.6138442E-004,-3.9924889E-001, 2.4770294E+002, 1.1484465E+001, 4.8238899E+002,-2.0912338E+002, 3.2717439E+000, 3.2025550E+002
 3.0832303E+001, 5.7550233E+001, 2.6703760E-004,-3.7490382E-001, 2.5127888E+002, 1.1587433E+001, 4.8672210E+002,-2.1659613E+002, 3.3367807E+000, 3.2096061E+002
 3.1034316E+001, 5.7924239E+001, 2.7516279E-004,-4.0026399E-001, 2.4793094E+002, 1.1690308E+001, 4.8717722E+002,-2.0895865E+002, 3.3912072E+000, 3.2158563E+002
 3.1236329E+001, 5.7938988E+001, 2.8310976E-004,-4.3201538E-001, 2.4429922E+002, 1.1691704E+001, 4.8606061E+002,-2.0038027E+002, 3.3748765E+000, 3.2190589E+002
 3.1438342E+001, 5.7734777E+001, 2.9051148E-004,-4.2683411E-001, 2.4545381E+002, 1.1637208E+001, 4.8823937E+002,-2.0409741E+002, 3.3183977E+000, 3.2199707E+002
 3.1640355E+001, 5.7670370E+001, 2.9585155E-004,-4.1764300E-001, 2.4667901E+002, 1.1612182E+001, 4.9345927E+002,-2.0883252E+002, 3.2952874E+000, 3.2202746E+002
 3.1801965E+001, 5.7861710E+001, 3.0012581E-004,-4.1029466E-001, 2.4799105E+002, 1.1656761E+001, 4.9789872E+002,-2.1238991E+002, 3.3271795E+000, 3.2235262E+002
 3.2003978E+001, 5.8214977E+001, 3.0534573E-004,-3.9427608E-001, 2.5073063E+002, 1.1740599E+001, 5.0274440E+002,-2.1768281E+002, 3.3784617E+000, 3.2284846E+002
 3.2205991E+001, 5.8597181E+001, 3.1244612E-004,-3.8218912E-001, 2.5276912E+002, 1.1839695E+001, 5.0856840E+002,-2.2248113E+002, 3.4356558E+000, 3.2353570E+002
 3.2408004E+001, 5.8840970E+001, 3.2183287E-004,-3.9721391E-001, 2.5126407E+002, 1.1897927E+001, 5.0972588E+002,-2.1696384E+002, 3.4580862E+000, 3.2412526E+002
 3.2610017E+001, 5.9050204E+001, 3.3073521E-004,-3.7542607E-001, 2.5574281E+002, 1.1940909E+001, 5.1009721E+002,-2.2452135E+002, 3.4723934E+000, 3.2463665E+002
 3.2812030E+001, 5.9262913E+001, 3.4093381E-004,-3.3618632E-001, 2.6119346E+002, 1.1985014E+001, 5.1789001E+002,-2.3097038E+002, 3.4839166E+000, 3.2537343E+002
 3.3014043E+001, 5.9500377E+001, 3.5120317E-004,-3.3455452E-001, 2.6172562E+002, 1.2040812E+001, 5.2387485E+002,-2.2930195E+002, 3.5086322E+000, 3.2590069E+002
 3.3216056E+001, 5.9430278E+001, 3.6223163E-004,-3.6609201E-001, 2.5740740E+002, 1.2026489E+001, 5.1722121E+002,-2.1311675E+002, 3.4686803E+000, 3.2615652E+002
 3.3418069E+001, 5.8880509E+001, 3.6993086E-004,-4.0416136E-001, 2.5178826E+002, 1.1892549E+001, 5.0919331E+002,-2.1031936E+002, 3.3611776E+000, 3.2575922E+002
 3.3620082E+001, 5.8407484E+001, 3.7312202E-004,-4.0419988E-001, 2.5196668E+002, 1.1778139E+001, 5.0741512E+002,-2.1079698E+002, 3.2812113E+000, 3.2527265E+002
 3.3822095E+001, 5.8187513E+001, 3.7351603E-004,-3.9096060E-001, 2.5312152E+002, 1.1734414E+001, 5.0674602E+002,-2.1267935E+002, 3.2602509E+000, 3.2500222E+002
 3.4024108E+001, 5.8247131E+001, 3.7357972E-004,-4.2094508E-001, 2.4865649E+002, 1.1740393E+001, 5.0578325E+002,-2.0425607E+002, 3.2694856E+000, 3.2492331E+002
 3.4226121E+001, 5.7848860E+001, 3.7400614E-004,-4.4631274E-001, 2.4505931E+002, 1.1641351E+001, 4.9503894E+002,-1.9122161E+002, 3.1935204E+000, 3.2448349E+002
 3.4428134E+001, 5.7257346E+001, 3.7208627E-004,-4.4638222E-001, 2.4476698E+002, 1.1500703E+001, 4.9359887E+002,-1.9396835E+002, 3.0995665E+000, 3.2388508E+002
 3.4630147E+001, 5.6916773E+001, 3.6834024E-004,-4.4408057E-001, 2.4433197E+002, 1.1408337E+001, 4.9275762E+002,-1.9392018E+002, 3.0452174E+000, 3.2329150E+002
 3.4832160E+001, 5.6958197E+001, 3.6350634E-004,-4.4378947E-001, 2.4402950E+002, 1.1419954E+001, 4.9453975E+002,-1.9732164E+002, 3.0748958E+000, 3.2300962E+002
 3.5034173E+001, 5.7057561E+001, 3.6049253E-004,-4.4340784E-001, 2.4432069E+002, 1.1455864E+001, 4.9789016E+002,-1.9783932E+002, 3.1056315E+000, 3.2307068E+002
 3.5236186E+001, 5.7062775E+001, 3.5963472E-004,-4.3103354E-001, 2.4588636E+002, 1.1464485E+001, 4.9914031E+002,-1.9610626E+002, 3.1096333E+000, 3.2314334E+002
 3.5438199E+001, 5.7042819E+001, 3.5992318E-004,-4.3512269E-001, 2.4527316E+002, 1.1457616E+001, 4.9830712E+002,-1.9382058E+002, 3.1030705E+000, 3.2311357E+002
 3.5640212E+001, 5.7079725E+001, 3.6028137E-004,-4.3463912E-001, 2.4536688E+002, 1.1463219E+001, 5.0242656E+002,-1.9876891E+002, 3.1099090E+000, 3.2310911E+002
 3.5801822E+001, 5.7149301E+001, 3.6083436E-004,-4.3888620E-001, 2.4470065E+002, 1.1475074E+001, 5.0228963E+002,-1.9739576E+002, 3.1184039E+000, 3.2315539E+002
 3.6003835E+001, 5.7099539E+001, 3.6165266E-004,-4.4811266E-001, 2.4350092E+002, 1.1456890E+001, 4.9678571E+002,-1.8682114E+002, 3.1030958E+000, 3.2310492E+002
 3.6205848E+001, 5.6934289E+001, 3.6224627E-004,-4.3944774E-001, 2.4480231E+002, 1.1420846E+001, 4.9960412E+002,-1.9165000E+002, 3.0745325E+000, 3.2299689E+002
 3.6407861E+001, 5.6997768E+001, 3.6239968E-004,-4.2477234E-001, 2.4678610E+002, 1.1436298E+001, 5.1176584E+002,-2.0547848E+002, 3.0908005E+000, 3.2305181E+002
 3.6609874E+001, 5.7447798E+001, 3.6359406E-004,-4.2300505E-001, 2.4707212E+002, 1.1551797E+001, 5.1912529E+002,-2.0760386E+002, 3.1802567E+000, 3.2340353E+002
 3.6811887E+001, 5.7915777E+001, 3.6704791E-004,-4.2491892E-001, 2.4756971E+002, 1.1654814E+001, 5.1928353E+002,-2.0120774E+002, 3.2463549E+000, 3.2396274E+002
 3.7013900E+001, 5.8114455E+001, 3.7320809E-004,-4.0477833E-001, 2.5112242E+002, 1.1701374E+001, 5.2541338E+002,-2.0713927E+002, 3.2610308E+000, 3.2453909E+002
 3.7215913E+001, 5.8372962E+001, 3.8007560E-004,-3.6810477E-001, 2.5679487E+002, 1.1757506E+001, 5.4070641E+002,-2.2404639E+002, 3.2892188E+000, 3.2502034E+002
 3.7417926E+001, 5.9043227E+001, 3.8849615E-004,-3.6292164E-001, 2.5772398E+002, 1.1908844E+001, 5.5177743E+002,-2.2781181E+002, 3.3929147E+000, 3.2586627E+002
 3.7619939E+001, 5.9571605E+001, 3.9873965E-004,-3.5960696E-001, 2.5926076E+002, 1.2047610E+001, 5.5549354E+002,-2.2602862E+002, 3.4749540E+000, 3.2675601E+002
 3.7821952E+001, 5.9940895E+001, 4.1223735E-004,-3.5536041E-001, 2.6067662E+002, 1.2138188E+001, 5.5828857E+002,-2.3064237E+002, 3.5100104E+000, 3.2755944E+002
 3.8023965E+001, 6.0081008E+001, 4.2507171E-004,-3.3908749E-001, 2.6385274E+002, 1.2160554E+001, 5.6614259E+002,-2.3497388E+002, 3.5041992E+000, 3.2811085E+002
 3.8225978E+001, 6.0386695E+001, 4.3818578E-004,-3.2784852E-001, 2.6571921E+002, 1.2233538E+001, 5.7541484E+002,-2.3695694E+002, 3.5453991E+000, 3.2875794E+002
 3.8427991E+001, 6.0620016E+001, 4.5033527E-004,-3.2771729E-001, 2.6633417E+002, 1.2288093E+001, 5.7826957E+002,-2.3792099E+002, 3.5630232E+000, 3.2929361E+002
 3.8630004E+001, 6.0869676E+001, 4.6320684E-004,-3.2541716E-001, 2.6717382E+002, 1.2339514E+001, 5.7894676E+002,-2.4354237E+002, 3.5870178E+000, 3.2980343E+002
 3.8832017E+001, 6.1130865E+001, 4.7473052E-004,-3.2417892E-001, 2.6778139E+002, 1.2399611E+001, 5.8488799E+002,-2.4306235E+002, 3.6164714E+000, 3.3030924E+002
 3.9034030E+001, 6.1331527E+001, 4.8730603E-004,-3.2690113E-001, 2.6791310E+002, 1.2447128E+001, 5.9337244E+002,-2.4291584E+002, 3.6331362E+000, 3.3076010E+002
 3.9236043E+001, 6.1426938E+001, 4.9841401E-004,-3.2157795E-001, 2.6928574E+002, 1.2463300E+001, 5.9772732E+002,-2.4652020E+002, 3.6300990E+000, 3.3112223E+002
 3.9438056E+001, 6.1619609E+001, 5.0965815E-004,-3.0978818E-001, 2.7117127E+002, 1.2509310E+001, 5.9960889E+002,-2.5375964E+002, 3.6575553E+000, 3.3152624E+002
 3.9640069E+001, 6.1906324E+001, 5.2005237E-004,-3.2683938E-001, 2.6873467E+002, 1.2586153E+001, 6.0331884E+002,-2.4773980E+002, 3.6981131E+000, 3.3197792E+002
 3.9801679E+001, 6.2015201E+001, 5.3028677E-004,-3.3267465E-001, 2.6875062E+002, 1.2610032E+001, 6.0678808E+002,-2.4497073E+002, 3.7049866E+000, 3.3227496E+002
 4.0003692E+001, 6.2063647E+001, 5.3989961E-004,-3.0505843E-001, 2.7334389E+002, 1.2610908E+001, 6.0657397E+002,-2.5532921E+002, 3.6919389E+000, 3.3262933E+002
 4.0205705E+001, 6.2260005E+001, 5.4990620E-004,-2.6549915E-001, 2.8055127E+002, 1.2660137E+001, 6.0488036E+002,-2.7839002E+002, 3.7275158E+000, 3.3297276E+002
 4.0407718E+001, 6.2949584E+001, 5.6287901E-004,-3.4195069E-001, 2.6605472E+002, 1.2842524E+001, 5.1865018E+002,-2.2877196E+002, 3.8358296E+000, 3.3393220E+002
 4.0609731E+001, 6.2132282E+001, 5.7413335E-004,-3.4917636E-001, 2.7154290E+002, 1.2614418E+001, 5.5355267E+002,-2.4161877E+002, 3.6548650E+000, 3.3311022E+002
 4.0811744E+001, 6.2087564E+001, 5.7834865E-004,-2.3455970E-001, 2.8427301E+002, 1.2598045E+001, 5.8400220E+002,-2.7615819E+002, 3.6199191E+000, 3.3373149E+002
 4.1013757E+001, 6.1187410E+001, 5.8448179E-004,-3.7256753E-001, 2.6201572E+002, 1.2397124E+001, 4.7430692E+002,-2.0258791E+002, 3.4735787E+000, 3.3247083E+002
 4.1215770E+001, 6.1770924E+001, 5.7878599E-004,-2.7761156E-001, 2.7924179E+002, 1.2546123E+001, 5.5096604E+002,-2.5805787E+002, 3.6141762E+000, 3.3280452E+002
 4.1417783E+001, 6.1058123E+001, 5.7975872E-004,-3.4063387E-001, 2.6892727E+002, 1.2350119E+001, 5.2337072E+002,-2.3828335E+002, 3.4561337E+000, 3.3239091E+002
 4.1619796E+001, 6.0588797E+001, 5.7636036E-004,-4.0740542E-001, 2.5993972E+002, 1.2242153E+001, 4.8293196E+002,-2.1437945E+002, 3.3962560E+000, 3.3132097E+002
 4.1821809E+001, 5.9777258E+001, 5.6769152E-004,-4.1532731E-001, 2.5761258E+002, 1.2037433E+001, 4.7630803E+002,-2.1359427E+002, 3.2439531E+000, 3.3056672E+002
 4.2023822E+001, 5.9920393E+001, 5.5627985E-004,-3.3382071E-001, 2.6260701E+002, 1.2043673E+001, 4.8706399E+002,-2.2247939E+002, 3.3000508E+000, 3.3030266E+002
 4.2225835E+001, 5.9333886E+001, 5.4948040E-004,-3.6302861E-001, 2.6250512E+002, 1.1935687E+001, 4.5689097E+002,-2.1841765E+002, 3.2035670E+000, 3.2976739E+002
 4.2427848E+001, 6.0389798E+001, 5.4060292E-004,-3.7845354E-001, 2.6781193E+002, 1.2199129E+001, 4.4607671E+002,-2.3132168E+002, 3.4782194E+000, 3.2974044E+002
 4.2629861E+001, 6.1569572E+001, 5.4289700E-004,-3.8629634E-001, 2.5663879E+002, 1.2462802E+001, 4.3535728E+002,-1.8422303E+002, 3.6088738E+000, 3.3178208E+002
 4.2831874E+001, 6.2501590E+001, 5.5538144E-004,-2.5576053E-001, 2.8794304E+002, 1.2686804E+001, 6.4346656E+002,-2.7822138E+002, 3.7663549E+000, 3.3210231E+002
 4.3033887E+001, 6.7038863E+001, 5.7586514E-004,-1.0961571E-001, 3.1333924E+002, 1.3932766E+001, 7.2772995E+002,-3.3370012E+002, 4.5351639E+000, 3.3785588E+002
 4.3218473E+001, 6.7895746E+001, 6.3860945E-004,-2.2613050E-001, 2.9592243E+002, 1.4019524E+001, 5.8049751E+002,-2.6778793E+002, 4.5902870E+000, 3.3927387E+002
 4.3434748E+001, 7.0935459E+001, 6.9510530E-004,-1.2586753E-001, 3.1759482E+002, 1.4743980E+001, 7.5625602E+002,-3.0062095E+002, 4.9657879E+000, 3.4317682E+002
 4.3614977E+001, 7.2007529E+001, 7.6833680E-004,-7.0445731E-002, 3.2972763E+002, 1.5013337E+001, 8.0250458E+002,-3.4406571E+002, 5.0140875E+000, 3.4558658E+002
 4.3831252E+001, 7.6984310E+001, 8.4515194E-004, 9.6421523E-003, 3.5293614E+002, 1.6218243E+001, 8.4960118E+002,-4.0811099E+002, 5.8168653E+000, 3.5010934E+002
 4.4011481E+001, 8.5078172E+001, 9.6939804E-004, 2.0692362E-001, 4.0535265E+002, 1.8206694E+001, 9.9620404E+002,-5.9480594E+002, 6.9997877E+000, 3.5788833E+002
 4.4227756E+001, 8.7559704E+001, 1.1745040E-003,-1.3464312E-002, 3.5378450E+002, 1.8497979E+001, 8.3877511E+002,-3.2691935E+002, 7.0704203E+000, 3.6336622E+002
 4.4407985E+001, 8.4109219E+001, 1.3425854E-003,-1.6185729E-001, 3.3604692E+002, 1.7355323E+001, 7.6612478E+002,-3.0505063E+002, 6.2539550E+000, 3.6174898E+002
 4.4624260E+001, 8.1490300E+001, 1.3802737E-003, 1.6948751E-001, 3.9384564E+002, 1.7093296E+001, 1.1667687E+003,-4.8005581E+002, 5.8057720E+000, 3.5971825E+002
 4.4829674E+001, 8.4236492E+001, 1.3819103E-003, 1.0738460E-001, 3.8036977E+002, 1.7756865E+001, 9.7992412E+002,-4.1367673E+002, 6.4507038E+000, 3.6068575E+002
 4.5024228E+001, 8.8496023E+001, 1.4488851E-003, 2.0875399E-001, 4.0824012E+002, 1.8854300E+001, 1.2301651E+003,-4.9038169E+002, 7.0670642E+000, 3.6594722E+002
 4.5218782E+001, 9.0905724E+001, 1.5905180E-003, 2.9944093E-001, 4.2517336E+002, 1.9529730E+001, 1.3441567E+003,-5.4287912E+002, 7.3827826E+000, 3.6901555E+002
 4.5413336E+001, 9.4888244E+001, 1.7355316E-003, 3.0707108E-001, 4.3178329E+002, 2.0454282E+001, 1.3762931E+003,-5.5403200E+002, 7.9854420E+000, 3.7316487E+002
 4.5607890E+001, 9.6707460E+001, 1.9077117E-003, 2.7297393E-001, 4.2707382E+002, 2.0786391E+001, 1.3194161E+003,-5.2106425E+002, 8.0999080E+000, 3.7615411E+002
 4.5802444E+001, 9.7330376E+001, 2.0324349E-003, 3.5474349E-001, 4.4418568E+002, 2.1011060E+001, 1.4374155E+003,-5.9546469E+002, 8.1491281E+000, 3.7689172E+002
 4.6029423E+001, 9.9325844E+001, 2.1311095E-003, 3.9212932E-001, 4.5065683E+002, 2.1537106E+001, 1.4841178E+003,-6.0767768E+002, 8.4453584E+000, 3.7899312E+002
 4.6223977E+001, 1.0254484E+002, 2.2467880E-003, 4.5147711E-001, 4.6269311E+002, 2.2483955E+001, 1.5453593E+003,-6.5866986E+002, 8.9979079E+000, 3.8217300E+002
 4.6418531E+001, 1.0566828E+002, 2.4008429E-003, 5.4315994E-001, 4.7730206E+002, 2.3392047E+001, 1.6204559E+003,-7.1508304E+002, 9.4259618E+000, 3.8559788E+002
 4.6609549E+001, 1.0963855E+002, 2.5747685E-003, 9.8772660E-001, 5.1953649E+002, 2.5124531E+001, 1.8904328E+003,-9.9655367E+002, 1.0052722E+001, 3.9064011E+002
 4.6801749E+001, 1.2031637E+002, 2.9079681E-003, 1.0979717E+000, 5.4456147E+002, 2.7972115E+001, 1.9404608E+003,-1.0302005E+003, 1.1813212E+001, 4.0056265E+002
 4.7006120E+001, 1.4522307E+002, 3.5363555E-003, 1.3018493E+000, 5.9109779E+002, 3.3985673E+001, 2.6031015E+003,-1.1927442E+003, 1.5712732E+001, 4.1931228E+002
 4.7210491E+001, 1.5071961E+002, 4.6552150E-003, 7.5678757E-001, 5.4461358E+002, 3.4115824E+001, 1.8216872E+003,-7.5015898E+002, 1.5677327E+001, 4.2790936E+002
 4.7414863E+001, 1.3384465E+002, 4.6408758E-003, 9.9255300E-001, 5.6340018E+002, 3.0306228E+001, 1.9579316E+003,-8.9070342E+002, 1.2610851E+001, 4.1595240E+002
 4.7619234E+001, 1.2806855E+002, 4.0396555E-003, 9.3748840E-001, 5.4444607E+002, 2.9006505E+001, 1.8274579E+003,-7.9399892E+002, 1.2320758E+001, 4.0751722E+002
 4.7823605E+001, 1.2759307E+002, 3.8849131E-003, 1.0893953E+000, 5.5995881E+002, 2.9336704E+001, 1.8356173E+003,-9.0042349E+002, 1.2424522E+001, 4.0715456E+002
 4.8002430E+001, 1.3305367E+002, 3.9703360E-003, 1.3163371E+000, 5.8984348E+002, 3.1082101E+001, 2.4177206E+003,-1.0821743E+003, 1.3459255E+001, 4.1146782E+002
 4.8206801E+001, 1.5560573E+002, 4.4866215E-003, 1.9336031E+000, 6.6608359E+002, 3.7608428E+001, 3.2685879E+003,-1.5550501E+003, 1.7337063E+001, 4.2933530E+002
 4.8411173E+001, 1.7583583E+002, 5.7691577E-003, 1.8433665E+000, 6.7498056E+002, 4.2062441E+001, 2.9463324E+003,-1.3566128E+003, 1.9957903E+001, 4.4656605E+002
 4.8615544E+001, 1.6998926E+002, 6.4006861E-003, 1.6918116E+000, 6.5901122E+002, 3.9851446E+001, 2.3453781E+003,-1.1287020E+003, 1.8047464E+001, 4.4408751E+002
 4.8819915E+001, 1.5455756E+002, 5.8575905E-003, 1.5912776E+000, 6.3707566E+002, 3.6041920E+001, 2.2195341E+003,-1.0424814E+003, 1.5811456E+001, 4.3100412E+002
 4.9013271E+001, 1.5113053E+002, 5.2814971E-003, 2.2211507E+000, 6.8060230E+002, 3.6323519E+001, 3.3237174E+003,-1.5830769E+003, 1.5942698E+001, 4.2591252E+002
 4.9214260E+001, 1.5117876E+002, 5.4680694E-003, 8.5897742E-001, 5.3946731E+002, 3.3941987E+001, 1.5672860E+003,-5.4699151E+002, 1.5431444E+001, 4.2550362E+002
 4.9409220E+001, 1.1058825E+002, 4.4509769E-003, 6.6988714E-001, 5.0573408E+002, 2.3743952E+001, 1.5747618E+003,-6.5217441E+002, 8.6624634E+000, 3.9344865E+002
 4.9614832E+001, 1.0391037E+002, 3.1478427E-003, 5.0500676E-001, 4.6642817E+002, 2.2607048E+001, 1.4082706E+003,-6.1437146E+002, 8.9867263E+000, 3.8222881E+002
 4.9809389E+001, 1.0229828E+002, 2.9125418E-003, 3.5036521E-001, 4.4743854E+002, 2.2141892E+001, 1.3829779E+003,-6.0830057E+002, 8.8603989E+000, 3.8147384E+002
 5.0020971E+001, 1.0096318E+002, 2.7702227E-003, 3.2424362E-001, 4.4027634E+002, 2.1820945E+001, 1.3827224E+003,-6.1003421E+002, 8.7545108E+000, 3.7938748E+002
 5.0208233E+001, 1.0173724E+002, 2.6912249E-003, 3.2899442E-001, 4.4270828E+002, 2.2035805E+001, 1.3940841E+003,-6.3181432E+002, 8.9530149E+000, 3.7965703E+002
 5.0411546E+001, 1.0360433E+002, 2.6987620E-003, 3.9409876E-001, 4.5379156E+002, 2.2628475E+001, 1.4463795E+003,-6.7534266E+002, 9.2901265E+000, 3.8100134E+002
 5.0617534E+001, 1.0725571E+002, 2.7798168E-003, 5.0514982E-001, 4.7143958E+002, 2.3723565E+001, 1.5524221E+003,-7.3188594E+002, 9.8891030E+000, 3.8398818E+002
 5.0823522E+001, 1.1133331E+002, 2.9531398E-003, 5.4113754E-001, 4.7912379E+002, 2.4759004E+001, 1.6210197E+003,-7.3243527E+002, 1.0524753E+001, 3.8776643E+002
 5.1000083E+001, 1.1297034E+002, 3.1248683E-003, 7.2021555E-001, 5.0043009E+002, 2.5470940E+001, 1.6947950E+003,-8.5277761E+002, 1.0706736E+001, 3.9042868E+002
 5.1206071E+001, 1.2689763E+002, 3.3785802E-003, 1.2847733E+000, 5.6914021E+002, 2.9741514E+001, 2.3442802E+003,-1.1840124E+003, 1.3171339E+001, 3.9949589E+002
 5.1403112E+001, 1.4477470E+002, 4.1634539E-003, 1.3468075E+000, 5.9071640E+002, 3.4088444E+001, 2.2395486E+003,-1.0935976E+003, 1.5967206E+001, 4.1497546E+002
 5.1614670E+001, 1.5530157E+002, 5.0915420E-003, 1.4365140E+000, 6.0646914E+002, 3.6264636E+001, 2.6608978E+003,-1.2460556E+003, 1.7006002E+001, 4.2388462E+002
 5.1826228E+001, 1.7167435E+002, 5.7459132E-003, 1.7415725E+000, 6.4688756E+002, 4.0394755E+001, 2.9882264E+003,-1.3714375E+003, 1.9615282E+001, 4.3436443E+002
 5.2011341E+001, 1.6524442E+002, 6.3112556E-003, 9.4197196E-001, 5.6730733E+002, 3.7236940E+001, 1.8084897E+003,-7.0848494E+002, 1.7808089E+001, 4.3160789E+002
 5.2222899E+001, 1.3467552E+002, 5.4326713E-003, 8.6597769E-001, 5.4258425E+002, 2.9610960E+001, 1.6233921E+003,-7.1108936E+002, 1.2533159E+001, 4.0898456E+002
 5.2408012E+001, 1.1954770E+002, 4.1280444E-003, 8.0551026E-001, 5.1814025E+002, 2.6392668E+001, 1.4368573E+003,-6.4073481E+002, 1.1025617E+001, 3.9440078E+002
 5.2619569E+001, 1.1684679E+002, 3.6848293E-003, 9.9020190E-001, 5.3845851E+002, 2.6270019E+001, 1.7413025E+003,-8.2537931E+002, 1.0887216E+001, 3.9137261E+002
 5.2804682E+001, 1.2474670E+002, 3.6981987E-003, 1.0759634E+000, 5.4489308E+002, 2.8358335E+001, 1.8476592E+003,-7.9906011E+002, 1.2365082E+001, 3.9647536E+002
 5.3016240E+001, 1.2613257E+002, 3.9297626E-003, 8.5798810E-001, 5.2913174E+002, 2.8343754E+001, 1.8270784E+003,-8.0074133E+002, 1.2497866E+001, 3.9807397E+002
 5.3201353E+001, 1.2521620E+002, 3.9799005E-003, 1.0062693E+000, 5.4329606E+002, 2.8422709E+001, 1.9113694E+003,-9.0808673E+002, 1.2382062E+001, 3.9768797E+002
 5.3412911E+001, 1.2999336E+002, 4.0584397E-003, 9.0088693E-001, 5.3426093E+002, 2.9510356E+001, 1.8689711E+003,-8.7644173E+002, 1.3353716E+001, 4.0052179E+002
 5.3624469E+001, 1.3192859E+002, 4.2618220E-003, 1.0856050E+000, 5.5546261E+002, 3.0295937E+001, 1.9474162E+003,-1.0046383E+003, 1.3628364E+001, 4.0269462E+002
 5.3809582E+001, 1.4559243E+002, 4.5290020E-003, 1.5258741E+000, 5.9616766E+002, 3.4240450E+001, 2.3953752E+003,-1.3167467E+003, 1.6113634E+001, 4.1114319E+002
 5.4021139E+001, 1.7725713E+002, 5.6204832E-003, 1.9166754E+000, 6.5989448E+002, 4.2241832E+001, 3.9389337E+003,-1.9681738E+003, 2.1521442E+001, 4.2938763E+002
 5.4208220E+001, 2.1300116E+002, 8.0125553E-003, 2.0939060E+000, 7.0528021E+002, 5.0858027E+001, 2.7905259E+003,-1.4605575E+003, 2.6713210E+001, 4.5711472E+002
 5.4416087E+001, 1.7895821E+002, 8.0961933E-003, 1.3940100E+000, 6.2674852E+002, 4.0468036E+001, 2.0120994E+003,-8.8400409E+002, 1.9299175E+001, 4.3754544E+002
 5.4607324E+001, 1.4035362E+002, 5.6834083E-003, 1.4747540E+000, 6.0177844E+002, 3.1943102E+001, 1.9055310E+003,-8.6230992E+002, 1.4019134E+001, 4.0812000E+002
 5.4813112E+001, 1.3069591E+002, 4.7883826E-003, 1.2294224E+000, 5.7101180E+002, 2.9752137E+001, 1.8069637E+003,-8.0430707E+002, 1.2978607E+001, 4.0078158E+002
 5.5018901E+001, 1.2482222E+002, 4.3538831E-003, 1.1704579E+000, 5.5831629E+002, 2.8521885E+001, 1.7951900E+003,-8.0539955E+002, 1.2327120E+001, 3.9584401E+002
 5.5213256E+001, 1.2439594E+002, 4.1602908E-003, 1.0804880E+000, 5.4795307E+002, 2.8398144E+001, 1.8145240E+003,-8.3264123E+002, 1.2433107E+001, 3.9482575E+002
 5.5414472E+001, 1.2459183E+002, 4.1078340E-003, 9.5018090E-001, 5.3335015E+002, 2.8265533E+001, 1.8168139E+003,-8.3910005E+002, 1.2552479E+001, 3.9413905E+002
 5.5615687E+001, 1.2464038E+002, 4.1005196E-003, 8.0172291E-001, 5.1567363E+002, 2.8054317E+001, 1.7488571E+003,-8.0297761E+002, 1.2603241E+001, 3.9391694E+002
 5.5816902E+001, 1.2528356E+002, 4.0680661E-003, 8.3062064E-001, 5.2018998E+002, 2.8198730E+001, 1.7760890E+003,-8.5402204E+002, 1.2707642E+001, 3.9366791E+002
 5.6018117E+001, 1.2817029E+002, 4.1248894E-003, 8.9772341E-001, 5.2911296E+002, 2.8991320E+001, 1.7742953E+003,-8.5700901E+002, 1.3241525E+001, 3.9521761E+002
 5.6219332E+001, 1.3249966E+002, 4.2972233E-003, 1.1753339E+000, 5.6170724E+002, 3.0423472E+001, 1.8827832E+003,-9.8193252E+002, 1.3966632E+001, 3.9815328E+002
 5.6420548E+001, 1.4216593E+002, 4.6387872E-003, 1.3141394E+000, 5.8028541E+002, 3.2816882E+001, 2.6174311E+003,-1.1249525E+003, 1.5635503E+001, 4.0196618E+002
 5.6621763E+001, 1.7266841E+002, 5.7853853E-003, 1.9172811E+000, 6.5487491E+002, 4.1107444E+001, 3.0865106E+003,-1.4552138E+003, 2.0957002E+001, 4.2303313E+002
 5.6808893E+001, 2.0721891E+002, 7.6427175E-003, 2.3785327E+000, 7.1725739E+002, 4.9050444E+001, 3.4118684E+003,-1.7199802E+003, 2.6067444E+001, 4.4141649E+002
 5.7003567E+001, 1.9823469E+002, 8.5538244E-003, 1.6045301E+000, 6.4185370E+002, 4.5160635E+001, 2.1201364E+003,-9.1479298E+002, 2.3468344E+001, 4.3793428E+002
 5.7219873E+001, 1.5509967E+002, 6.8459793E-003, 1.5096138E+000, 6.1392702E+002, 3.5072030E+001, 2.0883204E+003,-8.8071472E+002, 1.6318699E+001, 4.1320977E+002
 5.7414547E+001, 1.4259499E+002, 5.3552957E-003, 1.4291984E+000, 5.9226373E+002, 3.2300635E+001, 2.0119144E+003,-8.1421010E+002, 1.4920505E+001, 4.0238194E+002
 5.7602733E+001, 1.4252218E+002, 5.1318076E-003, 1.4741530E+000, 5.9355005E+002, 3.2237270E+001, 2.0040921E+003,-7.4505878E+002, 1.4885879E+001, 4.0128461E+002
 5.7816875E+001, 1.3346502E+002, 4.8986427E-003, 1.1375338E+000, 5.5633442E+002, 2.9602317E+001, 1.7713445E+003,-6.2277687E+002, 1.3270767E+001, 3.9629922E+002
 5.8007224E+001, 1.2423431E+002, 4.3244344E-003, 1.2826868E+000, 5.6542901E+002, 2.7918957E+001, 1.8470090E+003,-7.8420124E+002, 1.2048147E+001, 3.8955380E+002
 5.8221366E+001, 1.2939573E+002, 4.2205367E-003, 1.1749508E+000, 5.5502028E+002, 2.9184854E+001, 1.8405287E+003,-8.0599383E+002, 1.3253163E+001, 3.9161007E+002
 5.8411714E+001, 1.3572874E+002, 4.5107363E-003, 1.3580375E+000, 5.7818536E+002, 3.1086385E+001, 1.9655167E+003,-9.8136395E+002, 1.4438842E+001, 3.9587809E+002
 5.8602063E+001, 1.4741098E+002, 4.9607636E-003, 1.4956622E+000, 5.9750294E+002, 3.4113654E+001, 2.1114622E+003,-1.1194586E+003, 1.6587824E+001, 4.0218408E+002
 5.8816205E+001, 1.7308880E+002, 6.0233519E-003, 2.1083381E+000, 6.6510499E+002, 4.0871497E+001, 3.3043323E+003,-1.6427756E+003, 2.1038890E+001, 4.1492148E+002
 5.9006554E+001, 2.0401645E+002, 8.0147796E-003, 2.0826217E+000, 6.7939293E+002, 4.7806649E+001, 2.5484935E+003,-1.3467532E+003, 2.5947627E+001, 4.3193395E+002
 5.9220696E+001, 2.0295605E+002, 8.7960143E-003, 2.5691123E+000, 7.3462992E+002, 4.8000265E+001, 3.7475865E+003,-1.7905506E+003, 2.5370537E+001, 4.3246756E+002
 5.9411293E+001, 2.1635943E+002, 9.3621429E-003, 3.4388097E+000, 8.0593709E+002, 5.2476442E+001, 3.4701594E+003,-1.6734477E+003, 2.8031712E+001, 4.3815386E+002
 5.9601889E+001, 2.1148317E+002, 1.0085851E-002, 3.5687594E+000, 8.1440685E+002, 5.1194294E+001, 3.2898400E+003,-1.5089659E+003, 2.6585339E+001, 4.3743452E+002
 5.9813664E+001, 1.9596937E+002, 9.1239905E-003, 3.3789292E+000, 7.8836165E+002, 4.7475536E+001, 3.2650261E+003,-1.4839443E+003, 2.4245604E+001, 4.2771971E+002
 6.0004260E+001, 1.8885286E+002, 8.5426475E-003, 2.8793029E+000, 7.4218979E+002, 4.5315934E+001, 3.0549132E+003,-1.4187714E+003, 2.3324464E+001, 4.2268610E+002
 6.0216034E+001, 1.8256228E+002, 8.1253813E-003, 2.4241652E+000, 6.9873323E+002, 4.3418093E+001, 2.5244248E+003,-1.3309383E+003, 2.2492363E+001, 4.1828333E+002
 6.0406631E+001, 1.7975451E+002, 7.8135511E-003, 2.3791646E+000, 6.9477315E+002, 4.2758955E+001, 2.5088544E+003,-1.4368275E+003, 2.2173877E+001, 4.1567301E+002
 6.0618405E+001, 1.8674286E+002, 8.0676313E-003, 2.4912810E+000, 7.0398306E+002, 4.4615198E+001, 2.6088830E+003,-1.4678298E+003, 2.3591861E+001, 4.1782312E+002
 6.0809002E+001, 2.0317246E+002, 8.7714064E-003, 2.9540366E+000, 7.4688025E+002, 4.8883358E+001, 3.3035876E+003,-1.7780546E+003, 2.6533608E+001, 4.2312548E+002
 6.1020776E+001, 2.2281522E+002, 1.0330580E-002, 3.1118576E+000, 7.7012087E+002, 5.3369948E+001, 2.8505214E+003,-1.4619342E+003, 2.9738498E+001, 4.3063917E+002
 6.1211373E+001, 1.9307199E+002, 9.5753409E-003, 2.4754795E+000, 7.0675735E+002, 4.5293248E+001, 2.2572588E+003,-1.1868184E+003, 2.3925959E+001, 4.1885501E+002
 6.1401969E+001, 1.7010387E+002, 7.6315265E-003, 2.2765438E+000, 6.7467056E+002, 3.9963436E+001, 2.1939042E+003,-1.1799648E+003, 2.0327482E+001, 4.0778602E+002
 6.1613743E+001, 1.7006478E+002, 7.2769292E-003, 2.2478418E+000, 6.7282145E+002, 4.0361479E+001, 2.5377196E+003,-1.3261313E+003, 2.0850690E+001, 4.0674033E+002
 6.1804340E+001, 1.8618358E+002, 7.8774043E-003, 2.3221899E+000, 6.7862195E+002, 4.4069607E+001, 2.6665301E+003,-1.4052810E+003, 2.3816652E+001, 4.1175160E+002
 6.2016114E+001, 1.6889023E+002, 7.6509667E-003, 1.2460142E+000, 5.7832287E+002, 3.8071028E+001, 1.7858763E+003,-8.2790882E+002, 2.0072370E+001, 4.0528970E+002
 6.2206711E+001, 1.4517001E+002, 6.0058590E-003, 1.6701767E+000, 6.0765763E+002, 3.3543703E+001, 2.0135200E+003,-1.1115645E+003, 1.6246491E+001, 3.9421617E+002
 6.2414250E+001, 1.4921505E+002, 5.8965351E-003, 1.3575426E+000, 5.7753450E+002, 3.4319100E+001, 1.8388927E+003,-9.3371167E+002, 1.7309484E+001, 3.9591316E+002
 6.2600611E+001, 1.4298772E+002, 5.6799896E-003, 1.4209524E+000, 5.8314725E+002, 3.2810394E+001, 1.8947564E+003,-9.6595675E+002, 1.6011262E+001, 3.9313750E+002
 6.2810267E+001, 1.4323235E+002, 5.5220820E-003, 1.4888143E+000, 5.9015635E+002, 3.3056743E+001, 1.9235876E+003,-9.9177731E+002, 1.6191597E+001, 3.9298226E+002
 6.3019923E+001, 1.4847074E+002, 4.2277264E-003, 1.4703959E+000, 6.0484057E+002, 3.4440912E+001, 2.4494274E+003,-1.1443979E+003, 1.5469303E+001, 4.2489859E+002
 6.3206285E+001, 1.7088907E+002, 4.7685136E-003, 1.7829024E+000, 6.6098878E+002, 4.0048653E+001, 2.8065186E+003,-1.4769490E+003, 1.8393974E+001, 4.4630511E+002
 6.3415941E+001, 1.7021858E+002, 5.8498384E-003, 8.9939448E-001, 5.8401447E+002, 3.8128693E+001, 1.8943746E+003,-8.3546708E+002, 1.7327552E+001, 4.4865994E+002
 6.3602302E+001, 1.5047554E+002, 5.4592647E-003, 1.1446820E+000, 5.9469436E+002, 3.3505291E+001, 2.0384327E+003,-9.7036594E+002, 1.4049575E+001, 4.3148387E+002
 6.3811959E+001, 1.5380827E+002, 4.9583714E-003, 1.1754338E+000, 5.9497384E+002, 3.4528671E+001, 2.0151557E+003,-9.5185662E+002, 1.5255470E+001, 4.3074119E+002
 6.4021615E+001, 1.6348435E+002, 5.1925865E-003, 1.6002325E+000, 6.4516098E+002, 3.7486870E+001, 2.4124471E+003,-1.1913464E+003, 1.6783762E+001, 4.3879978E+002
 6.4207976E+001, 1.7969420E+002, 5.8602929E-003, 1.7708772E+000, 6.7448155E+002, 4.1242669E+001, 2.5278236E+003,-1.2014009E+003, 1.8900835E+001, 4.5108017E+002
 6.4417632E+001, 1.9247382E+002, 6.6531462E-003, 2.4133373E+000, 7.4473053E+002, 4.4744975E+001, 3.1689548E+003,-1.3653455E+003, 2.0220668E+001, 4.6248497E+002
 6.4603994E+001, 2.0119027E+002, 7.1896688E-003, 2.7480965E+000, 7.7915976E+002, 4.7470176E+001, 3.7933548E+003,-1.6312740E+003, 2.1701901E+001, 4.6917672E+002
 6.4813650E+001, 2.1525569E+002, 7.9816154E-003, 2.8714771E+000, 7.9982196E+002, 5.0970271E+001, 3.4564657E+003,-1.5707519E+003, 2.3695588E+001, 4.7955391E+002
 6.5017026E+001, 2.1749742E+002, 8.6706147E-003, 3.3442868E+000, 8.3456328E+002, 5.2033483E+001, 4.1188026E+003,-1.6207393E+003, 2.3460986E+001, 4.8401515E+002
 6.5207394E+001, 2.1221184E+002, 8.5037814E-003, 3.1440552E+000, 8.1861230E+002, 5.0114613E+001, 3.5875376E+003,-1.3384558E+003, 2.2625949E+001, 4.7723667E+002
 6.5407261E+001, 1.7244111E+002, 7.5438511E-003, 1.2836709E+000, 6.1507011E+002, 3.8082972E+001, 1.9243635E+003,-6.3170248E+002, 1.6547619E+001, 4.4696867E+002
 6.5603494E+001, 1.2156025E+002, 4.9882523E-003, 6.3836606E-001, 5.0587530E+002, 2.5619621E+001, 1.5683694E+003,-5.8111738E+002, 9.9144999E+000, 4.0114758E+002
 6.5819351E+001, 1.1584879E+002, 3.6412236E-003, 6.1198032E-001, 4.9540653E+002, 2.4975446E+001, 1.4867855E+003,-6.7418892E+002, 1.0171048E+001, 3.9385737E+002
 6.6017219E+001, 1.2511944E+002, 3.5666625E-003, 8.9991461E-001, 5.3547620E+002, 2.7804379E+001, 1.5877571E+003,-8.5319946E+002, 1.1881541E+001, 4.0042405E+002
 6.6215747E+001, 1.4014554E+002, 4.0854902E-003, 1.2442799E+000, 5.8532929E+002, 3.2020828E+001, 1.7720720E+003,-1.0288593E+003, 1.4286340E+001, 4.1375197E+002
 6.6401963E+001, 1.5574998E+002, 4.8720094E-003, 1.6051207E+000, 6.3265389E+002, 3.6046873E+001, 2.0800661E+003,-1.2517052E+003, 1.6480035E+001, 4.2662474E+002
 6.6600128E+001, 1.6353492E+002, 5.6907115E-003, 1.4015482E+000, 6.2078284E+002, 3.7466080E+001, 2.0918055E+003,-1.0322043E+003, 1.7350548E+001, 4.3333777E+002
 6.6813173E+001, 1.6445814E+002, 5.9631335E-003, 1.8048925E+000, 6.6139430E+002, 3.8187984E+001, 2.4309542E+003,-1.2550150E+003, 1.7352372E+001, 4.3472489E+002
 6.7002546E+001, 1.6805900E+002, 6.1679267E-003, 1.5750203E+000, 6.3894513E+002, 3.8699886E+001, 2.0393462E+003,-1.0036888E+003, 1.7958394E+001, 4.3651533E+002
 6.7215590E+001, 1.6910413E+002, 6.1594713E-003, 2.0716936E+000, 6.8515647E+002, 3.9873443E+001, 4.1053292E+003,-1.6497586E+003, 1.8458722E+001, 4.3569636E+002
 6.7411287E+001, 2.0708894E+002, 7.3322691E-003, 2.6281220E+000, 7.6006735E+002, 4.9664217E+001, 3.8558973E+003,-1.6581478E+003, 2.4716243E+001, 4.6254222E+002
 6.7603962E+001, 2.2104537E+002, 9.1731315E-003, 2.7734645E+000, 7.8412395E+002, 5.1580716E+001, 3.1237853E+003,-1.2323518E+003, 2.4765092E+001, 4.7263390E+002
 6.7813551E+001, 1.8325558E+002, 8.0852632E-003, 2.0366708E+000, 6.9082290E+002, 4.1536754E+001, 2.3505725E+003,-7.8508452E+002, 1.8758647E+001, 4.4689532E+002
 6.8015518E+001, 1.3664689E+002, 5.8025473E-003, 8.6942875E-001, 5.3560388E+002, 2.8919057E+001, 1.7193774E+003,-3.7656903E+002, 1.1911241E+001, 4.0964165E+002
 6.8204148E+001, 1.0313889E+002, 3.8613970E-003, 2.4097738E-001, 4.2492585E+002, 2.0618786E+001, 1.1510896E+003,-2.5790901E+002, 7.3818448E+000, 3.8115981E+002
 6.8420024E+001, 9.1345025E+001, 2.6856038E-003, 1.9448305E-001, 4.0830218E+002, 1.8165786E+001, 1.0117961E+003,-3.2481341E+002, 6.2574291E+000, 3.6851495E+002
 6.8604462E+001, 9.7411421E+001, 2.3162684E-003, 4.2336936E-001, 4.4831213E+002, 2.0307140E+001, 1.3240887E+003,-5.0869746E+002, 7.7878384E+000, 3.7122152E+002
 6.8816566E+001, 1.1094884E+002, 2.5895527E-003, 5.9022585E-001, 4.7981836E+002, 2.3828022E+001, 1.4889566E+003,-6.5014214E+002, 1.0024818E+001, 3.8177414E+002
 6.9019448E+001, 1.2400808E+002, 3.2761994E-003, 7.6786637E-001, 5.1334809E+002, 2.7274577E+001, 1.6580118E+003,-7.7167449E+002, 1.2044583E+001, 3.9415006E+002
 6.9222330E+001, 1.3766816E+002, 3.9999359E-003, 1.0823029E+000, 5.6246135E+002, 3.0909240E+001, 1.9750309E+003,-9.9894749E+002, 1.4184720E+001, 4.0506976E+002
 6.9425211E+001, 1.5888192E+002, 5.0959566E-003, 1.6307279E+000, 6.2963590E+002, 3.6704419E+001, 2.1826598E+003,-1.1808501E+003, 1.7422807E+001, 4.2063881E+002
 6.9602733E+001, 1.7259791E+002, 6.2111375E-003, 1.8678857E+000, 6.6490106E+002, 4.0330794E+001, 2.3223626E+003,-1.2813252E+003, 1.9490987E+001, 4.3260781E+002
 6.9810139E+001, 1.9052301E+002, 7.1318208E-003, 2.9451220E+000, 7.6396913E+002, 4.5805854E+001, 4.2557742E+003,-1.8539272E+003, 2.2230546E+001, 4.4410101E+002
 7.0010611E+001, 2.2819888E+002, 9.1944287E-003, 3.2514355E+000, 8.1826239E+002, 5.5003273E+001, 4.2241477E+003,-1.7995102E+003, 2.8161058E+001, 4.6665775E+002
 7.0210246E+001, 2.3421727E+002, 1.0402538E-002, 3.6434848E+000, 8.5605002E+002, 5.6234914E+001, 4.4055527E+003,-1.8058195E+003, 2.8151360E+001, 4.7109306E+002
 7.0407792E+001, 2.0891130E+002, 9.8881349E-003, 2.2523134E+000, 7.1121136E+002, 4.8306199E+001, 2.2934170E+003,-8.4388165E+002, 2.3881742E+001, 4.5539580E+002
 7.0605878E+001, 1.5041411E+002, 6.9008023E-003, 1.4757646E+000, 6.1128041E+002, 3.3221815E+001, 1.7812983E+003,-7.1417507E+002, 1.4472562E+001, 4.1488043E+002
 7.0803622E+001, 1.3837252E+002, 5.1058398E-003, 1.2934837E+000, 5.7897466E+002, 3.0727766E+001, 1.5100628E+003,-6.8151458E+002, 1.3621575E+001, 4.0352753E+002
 7.1018751E+001, 1.3835653E+002, 4.8805608E-003, 1.2838970E+000, 5.7901896E+002, 3.0740163E+001, 1.6229190E+003,-7.8896185E+002, 1.3751931E+001, 4.0256764E+002
 7.1209976E+001, 1.5449044E+002, 5.1838529E-003, 1.7244058E+000, 6.3112733E+002, 3.5120701E+001, 2.5155174E+003,-1.0943819E+003, 1.6616068E+001, 4.1056226E+002
 7.1401201E+001, 1.7217308E+002, 6.3212615E-003, 1.8443784E+000, 6.5013734E+002, 3.9441239E+001, 2.4773403E+003,-1.2215942E+003, 1.9436814E+001, 4.2301781E+002
 7.1616329E+001, 1.7915221E+002, 7.1041258E-003, 1.9001873E+000, 6.6471412E+002, 4.1607700E+001, 2.6736597E+003,-1.3989974E+003, 2.0853665E+001, 4.2821511E+002
 7.1807555E+001, 1.9244475E+002, 7.8180002E-003, 2.4983653E+000, 7.2151446E+002, 4.5656071E+001, 3.5260920E+003,-1.7688157E+003, 2.3248849E+001, 4.3541852E+002
 7.2003237E+001, 2.1553482E+002, 9.2649203E-003, 3.1022190E+000, 7.8577001E+002, 5.2384239E+001, 3.9319091E+003,-1.8553895E+003, 2.7463611E+001, 4.4940805E+002
 7.2209858E+001, 2.2422422E+002, 1.0623310E-002, 3.2564759E+000, 8.0089423E+002, 5.3707298E+001, 3.1078179E+003,-1.4021623E+003, 2.7870171E+001, 4.5403022E+002
 7.2416480E+001, 1.8857208E+002, 8.9805986E-003, 2.5039784E+000, 7.2735314E+002, 4.4389611E+001, 3.8794279E+003,-1.3703695E+003, 2.1998191E+001, 4.3300574E+002
 7.2602439E+001, 1.9862395E+002, 8.4867923E-003, 3.0839843E+000, 7.6864521E+002, 4.8158046E+001, 4.4683464E+003,-1.7633248E+003, 2.4870678E+001, 4.3469256E+002
 7.2809060E+001, 2.1188075E+002, 9.9202771E-003, 2.4807131E+000, 7.2305483E+002, 4.9852208E+001, 2.8529512E+003,-1.3265845E+003, 2.6356726E+001, 4.4150868E+002
 7.3015681E+001, 1.8854716E+002, 8.7823864E-003, 2.3190422E+000, 7.0300578E+002, 4.3963579E+001, 2.7755660E+003,-1.3803104E+003, 2.2298208E+001, 4.2793981E+002
 7.3201641E+001, 1.8193925E+002, 8.0907599E-003, 1.9200058E+000, 6.5571797E+002, 4.2147440E+001, 2.3194482E+003,-1.0795591E+003, 2.1649547E+001, 4.2286494E+002
 7.3408262E+001, 1.6130175E+002, 7.3213862E-003, 1.3388518E+000, 5.9093755E+002, 3.6310141E+001, 1.9667984E+003,-7.3041874E+002, 1.7833866E+001, 4.1224942E+002
 7.3614883E+001, 1.3427525E+002, 5.5746359E-003, 9.5813433E-001, 5.3788238E+002, 2.9160865E+001, 1.5708008E+003,-6.3025988E+002, 1.3120566E+001, 3.9558154E+002
 7.3811174E+001, 1.2710583E+002, 4.5920931E-003, 1.1502972E+000, 5.5191298E+002, 2.8375476E+001, 1.8659777E+003,-8.3047409E+002, 1.2617810E+001, 3.9055989E+002
 7.4006637E+001, 1.3912236E+002, 4.8870718E-003, 1.2928250E+000, 5.7441042E+002, 3.1607792E+001, 1.9736909E+003,-1.0041013E+003, 1.5002059E+001, 3.9636738E+002
 7.4206647E+001, 1.6770850E+002, 6.1212295E-003, 2.1805785E+000, 6.6632602E+002, 3.9902730E+001, 3.2571850E+003,-1.7549430E+003, 2.0474557E+001, 4.1036731E+002
 7.4403333E+001, 2.2202330E+002, 9.2793571E-003, 2.8303384E+000, 7.4962275E+002, 5.2678841E+001, 3.3156631E+003,-1.7400771E+003, 2.9419780E+001, 4.3354819E+002
 7.4604068E+001, 2.2804962E+002, 1.1538042E-002, 3.2214484E+000, 7.8917166E+002, 5.4156769E+001, 3.2676024E+003,-1.5067520E+003, 2.9527071E+001, 4.3934834E+002
 7.4804803E+001, 2.0563060E+002, 1.0242807E-002, 3.5195779E+000, 8.0464256E+002, 4.9764669E+001, 3.6195124E+003,-1.6948842E+003, 2.6062329E+001, 4.2913995E+002
 7.5005538E+001, 2.1102983E+002, 1.0453152E-002, 3.5489831E+000, 8.0596603E+002, 5.1556510E+001, 3.9721479E+003,-1.7613263E+003, 2.7691629E+001, 4.2917009E+002
 7.5206274E+001, 2.1903123E+002, 1.0979808E-002, 3.2412283E+000, 7.7893276E+002, 5.3131627E+001, 3.7890624E+003,-1.6429568E+003, 2.9248619E+001, 4.3183095E+002
 7.5407009E+001, 2.0661682E+002, 1.1836124E-002, 2.5996841E+000, 7.1589585E+002, 4.8885285E+001, 2.6365257E+003,-1.3041972E+003, 2.6766381E+001, 4.2114799E+002
 7.5609751E+001, 1.6709354E+002, 7.6162402E-003, 1.5699558E+000, 6.0927374E+002, 3.8382627E+001, 1.8728983E+003,-8.6649195E+002, 1.9777205E+001, 4.0958240E+002
 7.5808479E+001, 1.3651799E+002, 6.1789975E-003, 1.1213174E+000, 5.5098211E+002, 3.0436494E+001, 1.6445539E+003,-7.2015446E+002, 1.4042479E+001, 3.9377129E+002
 7.6016039E+001, 1.2222574E+002, 4.8775256E-003, 7.6423199E-001, 5.0614888E+002, 2.6773822E+001, 1.5301490E+003,-6.2823765E+002, 1.1856944E+001, 3.8797853E+002
 7.6210351E+001, 1.1701297E+002, 4.2357447E-003, 8.2418765E-001, 5.1180391E+002, 2.5781232E+001, 1.6077889E+003,-7.4934779E+002, 1.1122780E+001, 3.8464638E+002
 7.6404662E+001, 1.2779101E+002, 4.4007199E-003, 1.1816775E+000, 5.4868911E+002, 2.9184585E+001, 1.8656459E+003,-1.0223715E+003, 1.3483195E+001, 3.8853409E+002
 7.6623263E+001, 1.6238276E+002, 6.1865472E-003, 1.8439755E+000, 6.2459366E+002, 3.8199864E+001, 2.4735307E+003,-1.4828680E+003, 1.9807281E+001, 4.0333886E+002
 7.6809447E+001, 2.0187629E+002, 9.3007042E-003, 2.3642115E+000, 6.9215997E+002, 4.8329351E+001, 3.1470162E+003,-1.6688219E+003, 2.7215356E+001, 4.1718504E+002
 7.7003667E+001, 2.1024678E+002, 1.8081690E-002, 2.6479280E+000, 7.0514427E+002, 4.9548477E+001, 2.7271908E+003,-1.3428760E+003, 2.8040576E+001, 3.7577955E+002
 7.7219466E+001, 1.8266995E+002, 7.5958232E-003, 2.7878141E+000, 6.7829826E+002, 4.3163763E+001, 2.3327232E+003,-1.2082195E+003, 2.5672811E+001, 3.8072495E+002
 7.7413686E+001, 1.7153775E+002, 8.8566021E-003, 2.5974197E+000, 6.7771076E+002, 4.1013920E+001, 2.4414506E+003,-1.3017536E+003, 2.2010207E+001, 3.8201900E+002
 7.7607905E+001, 1.7430873E+002, 1.2887551E-002, 2.6007879E+000, 6.7807708E+002, 4.1550362E+001, 2.4802285E+003,-1.3427241E+003, 2.5081399E+001, 3.5595010E+002
 7.7802125E+001, 1.8327488E+002, 1.3077127E-002, 4.2241397E+000, 7.1670026E+002, 4.6134161E+001, 3.2737235E+003,-1.7119266E+003, 3.0035965E+001, 3.2115576E+002
 7.8017924E+001, 2.1184259E+002, 2.7243254E-002, 1.7195545E+000, 7.4741935E+002, 5.0587611E+001, 3.5597551E+003,-1.9184997E+003, 1.8916370E+001, 5.4587265E+002
 7.8212144E+001, 2.2219644E+002, 8.8894028E-003, 1.1559403E+000, 7.2143721E+002, 5.0084051E+001, 2.4123030E+003,-1.1969210E+003, 1.5237500E+001, 5.6590386E+002
 7.8406363E+001, 1.8088511E+002, 8.5480643E-003, 7.7141532E-001, 6.4485934E+002, 3.8705089E+001, 2.3243699E+003,-1.0285720E+003, 1.0584191E+001, 5.2045739E+002
 7.8600583E+001, 1.5687514E+002, 6.6434586E-003, 6.6198169E-001, 5.9243911E+002, 3.3720767E+001, 2.0901964E+003,-8.7418196E+002, 1.0310343E+001, 4.8689456E+002
 7.8816382E+001, 1.4391434E+002, 5.8685877E-003, 5.3643345E-001, 5.6297739E+002, 3.0760510E+001, 2.2079773E+003,-8.9136064E+002, 9.3478496E+000, 4.7066022E+002
 7.9010602E+001, 1.6635709E+002, 5.8797242E-003, 1.0814600E+000, 6.3276260E+002, 3.7436556E+001, 2.5102242E+003,-1.3402587E+003, 1.3023988E+001, 4.9556383E+002
 7.9204822E+001, 1.7060793E+002, 6.4127014E-003, 3.4124282E-001, 5.7380461E+002, 3.6612170E+001, 1.8336523E+003,-7.5812114E+002, 1.1229961E+001, 5.0988529E+002
 7.9420621E+001, 1.4930244E+002, 6.1350824E-003, 6.0115979E-001, 5.7831457E+002, 3.1568186E+001, 1.8809559E+003,-8.1435936E+002, 9.0560026E+000, 4.7862849E+002
 7.9614841E+001, 1.4231626E+002, 5.4906672E-003, 4.3510877E-001, 5.4991158E+002, 2.9920897E+001, 1.8023786E+003,-7.2687019E+002, 8.8803277E+000, 4.7078204E+002
 7.9809060E+001, 1.4031458E+002, 5.1987000E-003, 5.6313675E-001, 5.5842383E+002, 2.9888751E+001, 1.8871403E+003,-7.7590373E+002, 9.1740032E+000, 4.6594454E+002
 8.0003280E+001, 1.3382645E+002, 5.1996240E-003, 3.0094015E-001, 5.1529140E+002, 2.7921035E+001, 1.6689992E+003,-5.9714974E+002, 8.2042463E+000, 4.5915329E+002
 8.0219079E+001, 1.2288337E+002, 4.5611829E-003, 3.7035579E-001, 5.1292315E+002, 2.5614609E+001, 1.7055396E+003,-6.5045647E+002, 7.4838458E+000, 4.4360554E+002
 8.0408983E+001, 1.2362041E+002, 4.3318458E-003, 2.6617505E-001, 4.9112141E+002, 2.5724102E+001, 1.6001623E+003,-5.4541347E+002, 7.7502280E+000, 4.4340910E+002
 8.0622624E+001, 1.1796168E+002, 4.2345460E-003, 3.0423566E-001, 4.9617954E+002, 2.4578070E+001, 1.7074369E+003,-6.7163867E+002, 7.1579903E+000, 4.3688754E+002
 8.0812528E+001, 1.2257258E+002, 4.1191575E-003, 4.0227634E-001, 5.1301768E+002, 2.6109327E+001, 1.7866165E+003,-7.6679217E+002, 8.2920800E+000, 4.4090269E+002
 8.1016674E+001, 1.3219336E+002, 4.6516021E-003, 5.1126789E-001, 5.3977623E+002, 2.8746593E+001, 1.9168123E+003,-9.0589624E+002, 9.5745334E+000, 4.5337470E+002
 8.1225568E+001, 1.5014487E+002, 5.7352364E-003, 8.3545272E-001, 5.9902584E+002, 3.3619235E+001, 2.5581869E+003,-1.2580602E+003, 1.1705989E+001, 4.7162379E+002
 8.1408350E+001, 1.7906841E+002, 7.4774002E-003, 1.2693477E+000, 6.7188438E+002, 4.1218259E+001, 3.7612188E+003,-1.6841507E+003, 1.5377090E+001, 5.0282775E+002
 8.1620394E+001, 2.1084755E+002, 9.9800688E-003, 1.4380405E+000, 7.1186170E+002, 4.8470579E+001, 4.0110658E+003,-1.8994171E+003, 1.8532570E+001, 5.3024229E+002
 8.1808948E+001, 2.2724640E+002, 1.2423849E-002, 1.3518281E+000, 7.2181595E+002, 5.1022998E+001, 2.8771090E+003,-1.3263187E+003, 1.8898474E+001, 5.4178507E+002
 8.2015588E+001, 1.9739912E+002, 1.1507197E-002, 1.3845459E+000, 7.0383281E+002, 4.3926879E+001, 2.7871121E+003,-1.2723930E+003, 1.5344947E+001, 5.1307059E+002
 8.2201565E+001, 1.8498713E+002, 1.0177979E-002, 1.5725031E+000, 6.9937167E+002, 4.1869337E+001, 2.7854129E+003,-1.2540305E+003, 1.5416586E+001, 4.9627847E+002
 8.2408205E+001, 1.7653066E+002, 1.0094214E-002, 1.3491477E+000, 6.6821298E+002, 3.9780275E+001, 2.7373346E+003,-1.1058256E+003, 1.4667294E+001, 4.8663174E+002
 8.2614845E+001, 1.6259413E+002, 9.1797169E-003, 1.1025861E+000, 6.2663034E+002, 3.6240470E+001, 2.4783039E+003,-9.7845905E+002, 1.3391982E+001, 4.6976034E+002
 8.2800822E+001, 1.5450934E+002, 8.3393326E-003, 1.0063984E+000, 6.0489497E+002, 3.4258236E+001, 2.2489936E+003,-1.0024973E+003, 1.2876822E+001, 4.5883966E+002
 8.3001263E+001, 1.5999251E+002, 8.5358494E-003, 1.1374580E+000, 6.2031453E+002, 3.5874761E+001, 2.4065373E+003,-1.0828576E+003, 1.4142373E+001, 4.6017762E+002
 8.3205837E+001, 1.6512614E+002, 9.4054818E-003, 1.1801319E+000, 6.2702371E+002, 3.7029173E+001, 2.4019284E+003,-1.1459440E+003, 1.4912807E+001, 4.6168027E+002
 8.3410411E+001, 1.7771028E+002, 1.0389008E-002, 1.4444874E+000, 6.5720658E+002, 4.0433311E+001, 2.7007242E+003,-1.3146103E+003, 1.7306301E+001, 4.6681199E+002
 8.3614985E+001, 1.8983718E+002, 1.2523898E-002, 1.6218040E+000, 6.7787770E+002, 4.3368155E+001, 2.8846513E+003,-1.3298097E+003, 1.9070453E+001, 4.7095689E+002
 8.3819559E+001, 1.9637909E+002, 1.9293053E-002, 2.2141332E+000, 7.2648408E+002, 4.5870263E+001, 3.6695354E+003,-1.7173243E+003, 2.0724958E+001, 4.5250753E+002
 8.4010065E+001, 2.3124012E+002, 4.5596265E-002, 2.6381712E+000, 7.6487390E+002, 5.4629590E+001, 3.8449888E+003,-1.9376769E+003, 2.6507065E+001, 4.8880595E+002
 8.4201525E+001, 2.5387853E+002, 8.1732550E-003, 1.9524551E+000, 8.3469042E+002, 5.8068712E+001, 3.1719357E+003,-1.6468689E+003, 1.7607822E+001, 5.9690486E+002
 8.4410391E+001, 2.1690798E+002, 1.0133056E-002, 1.9063928E+000, 7.9421814E+002, 4.7877684E+001, 3.1231897E+003,-1.3364267E+003, 1.2974652E+001, 5.5530615E+002
 8.4612295E+001, 1.7960776E+002, 8.1254621E-003, 7.0416963E-001, 6.1167800E+002, 3.8269702E+001, 2.4065834E+003,-7.5497019E+002, 1.1339400E+001, 5.1224014E+002
 8.4803756E+001, 1.3456798E+002, 6.0194342E-003, 3.0447865E-001, 5.2211721E+002, 2.7659484E+001, 1.8647313E+003,-6.3928417E+002, 7.4021022E+000, 4.6134112E+002
 8.5016468E+001, 1.2428771E+002, 4.3321359E-003, 3.0438647E-001, 4.9866288E+002, 2.5907643E+001, 1.6899711E+003,-6.7773663E+002, 7.9978396E+000, 4.4292602E+002
 8.5201802E+001, 1.2988224E+002, 4.3259076E-003, 4.4433473E-001, 5.3121900E+002, 2.7835022E+001, 1.8798818E+003,-9.0385957E+002, 9.0742772E+000, 4.4998226E+002
 8.5421886E+001, 1.5183465E+002, 5.3398942E-003, 7.3928230E-001, 5.8760818E+002, 3.3536597E+001, 2.0810320E+003,-1.0061117E+003, 1.1645379E+001, 4.7443861E+002
 8.5600270E+001, 1.6178211E+002, 6.7243569E-003, 7.1108788E-001, 6.0106098E+002, 3.5617107E+001, 2.2169462E+003,-1.0737217E+003, 1.2119387E+001, 4.8799181E+002
 8.5801557E+001, 1.6373484E+002, 7.1193439E-003, 9.1228012E-001, 6.2315674E+002, 3.6165392E+001, 2.3748542E+003,-1.1609322E+003, 1.2336279E+001, 4.8652598E+002
 8.6007682E+001, 1.7426082E+002, 7.8037894E-003, 9.8201371E-001, 6.3349604E+002, 3.8907500E+001, 2.9862777E+003,-1.1888802E+003, 1.3830885E+001, 4.9628286E+002
 8.6213807E+001, 2.0182414E+002, 9.3185443E-003, 1.7769837E+000, 7.3511124E+002, 4.6574933E+001, 4.2014620E+003,-1.8593813E+003, 1.7615594E+001, 5.1871069E+002
 8.6417348E+001, 2.2038084E+002, 1.1994790E-002, 1.4573389E+000, 7.2807068E+002, 5.0256442E+001, 3.4012962E+003,-1.4340243E+003, 1.8926258E+001, 5.3618042E+002
 8.6600535E+001, 2.1030542E+002, 1.2000788E-002, 1.9365571E+000, 7.6408224E+002, 4.8448119E+001, 4.2129635E+003,-1.7251096E+003, 1.8008483E+001, 5.2265888E+002
 8.6804076E+001, 2.2545491E+002, 1.3060786E-002, 2.0967224E+000, 7.7989138E+002, 5.2296542E+001, 4.1881747E+003,-1.7875633E+003, 2.0904951E+001, 5.2768815E+002
 8.7007617E+001, 2.3420085E+002, 1.4851324E-002, 2.3069265E+000, 8.0147274E+002, 5.4304019E+001, 3.8847772E+003,-1.6861495E+003, 2.2140239E+001, 5.2889956E+002
 8.7211159E+001, 2.2471252E+002, 1.5239176E-002, 2.0308250E+000, 7.5760522E+002, 5.1090429E+001, 3.1275388E+003,-1.3364002E+003, 2.1087203E+001, 5.1210842E+002
 8.7414700E+001, 1.9468937E+002, 1.3359556E-002, 1.6222745E+000, 6.9239490E+002, 4.3776397E+001, 2.7496313E+003,-1.1541230E+003, 1.8040790E+001, 4.8364459E+002
 8.7618241E+001, 1.6739844E+002, 1.0563092E-002, 1.1827952E+000, 6.2251514E+002, 3.7084929E+001, 2.3263861E+003,-9.8489314E+002, 1.5095982E+001, 4.5726841E+002
 8.7801428E+001, 1.5200587E+002, 9.1083944E-003, 1.0533251E+000, 5.9407287E+002, 3.3833924E+001, 2.1609092E+003,-9.8505610E+002, 1.3731568E+001, 4.4276732E+002
 8.8002934E+001, 1.4770283E+002, 8.7466882E-003, 9.5338382E-001, 5.7860361E+002, 3.2957231E+001, 2.1271115E+003,-9.6665794E+002, 1.3564377E+001, 4.3786450E+002
 8.8204440E+001, 1.5686730E+002, 9.0083547E-003, 1.4363980E+000, 6.2682079E+002, 3.6147435E+001, 2.6325457E+003,-1.3869068E+003, 1.5599894E+001, 4.4119722E+002
 8.8403417E+001, 1.9578574E+002, 2.0802643E-002, 1.9028266E+000, 6.9778397E+002, 4.6121249E+001, 3.5797840E+003,-1.7779042E+003, 2.2335740E+001, 4.7691515E+002
 8.8602033E+001, 2.0569772E+002, 3.6423032E-003, 6.6970851E-001, 6.4905821E+002, 4.5806914E+001, 1.7560631E+003,-8.5954380E+002, 1.4552627E+001, 5.4782999E+002
 8.8800649E+001, 1.6805433E+002, 7.1449386E-003, 1.1707204E+000, 6.7441720E+002, 3.7106520E+001, 2.6876908E+003,-1.2709112E+003, 1.0065839E+001, 5.0845996E+002
 8.9019126E+001, 1.6915877E+002, 6.5358859E-003, 7.7186031E-001, 6.2341354E+002, 3.7254357E+001, 2.4715417E+003,-1.0455821E+003, 1.1748577E+001, 5.0459390E+002
 8.9209797E+001, 1.6794764E+002, 6.6468305E-003, 9.9312983E-001, 6.4579625E+002, 3.7380603E+001, 2.6108144E+003,-1.2871038E+003, 1.1952622E+001, 5.0091482E+002
 8.9406427E+001, 1.8873902E+002, 7.4261059E-003, 1.3416070E+000, 7.0171394E+002, 4.3404665E+001, 3.7234311E+003,-1.8332234E+003, 1.5084508E+001, 5.2081006E+002
 8.9603057E+001, 2.2326366E+002, 9.7384729E-003, 1.5316926E+000, 7.5040256E+002, 5.1503674E+001, 3.3984900E+003,-1.7961750E+003, 1.8136881E+001, 5.5496205E+002
 8.9821534E+001, 2.1890553E+002, 1.1054729E-002, 1.2399241E+000, 7.2344214E+002, 4.9080875E+001, 2.8854555E+003,-1.4451651E+003, 1.6203347E+001, 5.4941650E+002
 9.0018164E+001, 2.0699134E+002, 1.0273491E-002, 1.6181667E+000, 7.4118091E+002, 4.7027202E+001, 3.2456481E+003,-1.6300745E+003, 1.6155042E+001, 5.3199213E+002
 9.0214793E+001, 2.0361861E+002, 1.0537327E-002, 1.4756640E+000, 7.1778643E+002, 4.6314516E+001, 3.1921629E+003,-1.4203882E+003, 1.6241085E+001, 5.2712933E+002
 9.0411423E+001, 2.0053148E+002, 1.0513052E-002, 1.6244571E+000, 7.2725290E+002, 4.5928783E+001, 3.3747521E+003,-1.5956769E+003, 1.6566492E+001, 5.1960851E+002
 9.0608053E+001, 2.1446471E+002, 1.1566520E-002, 1.7883151E+000, 7.4826340E+002, 4.9096100E+001, 3.2056319E+003,-1.5479176E+003, 1.8568485E+001, 5.2728275E+002
 9.0804682E+001, 1.9543176E+002, 1.1381360E-002, 1.0062791E+000, 6.5319375E+002, 4.2898373E+001, 2.5259694E+003,-9.8747853E+002, 1.5775033E+001, 5.0538660E+002
 9.1001312E+001, 1.6368015E+002, 9.0812497E-003, 9.6969271E-001, 6.1557290E+002, 3.5813797E+001, 2.4142369E+003,-9.8024915E+002, 1.2812597E+001, 4.7303196E+002
 9.1219789E+001, 1.5218123E+002, 7.8460800E-003, 7.1409636E-001, 5.7112961E+002, 3.3064637E+001, 2.1317069E+003,-7.9909459E+002, 1.2205858E+001, 4.5902977E+002
 9.1416419E+001, 1.3681678E+002, 6.7647819E-003, 6.3767052E-001, 5.4869238E+002, 2.9432291E+001, 1.9752011E+003,-7.9584508E+002, 1.0441645E+001, 4.4192783E+002
 9.1613048E+001, 1.3728968E+002, 6.3447861E-003, 8.0655054E-001, 5.6338651E+002, 3.0226603E+001, 2.0348411E+003,-9.1292389E+002, 1.1198540E+001, 4.4038311E+002
 9.1809678E+001, 1.4467021E+002, 7.0359322E-003, 8.0634162E-001, 5.7013970E+002, 3.2063013E+001, 2.1510423E+003,-9.5998241E+002, 1.2413102E+001, 4.4615765E+002
 9.2006308E+001, 1.5418654E+002, 7.9051317E-003, 1.0809837E+000, 6.0639661E+002, 3.4732181E+001, 2.3852452E+003,-1.1275844E+003, 1.3959546E+001, 4.5154037E+002
 9.2202937E+001, 1.7190188E+002, 9.6138124E-003, 1.4656362E+000, 6.5657776E+002, 3.9394522E+001, 2.9142819E+003,-1.3133747E+003, 1.6691693E+001, 4.6295819E+002
 9.2421415E+001, 1.9740561E+002, 1.2660646E-002, 2.0737832E+000, 7.2867774E+002, 4.6308823E+001, 4.1141421E+003,-1.8171627E+003, 2.0939188E+001, 4.7621867E+002
 9.2618044E+001, 2.2586500E+002, 1.5449125E-002, 2.4257726E+000, 7.6833678E+002, 5.3172174E+001, 3.7268455E+003,-1.7326518E+003, 2.6092982E+001, 4.9008368E+002
 9.2803135E+001, 2.3575458E+002, 4.7697687E-002, 1.8796772E+000, 7.9859866E+002, 5.4429326E+001, 3.6822927E+003,-1.9771231E+003, 1.7724151E+001, 5.7391913E+002
 9.3001290E+001, 2.5070175E+002, 1.0154821E-002, 1.9561045E+000, 8.3181149E+002, 5.6658146E+001, 3.0380777E+003,-1.4870623E+003, 1.6956899E+001, 5.9027332E+002
 9.3209353E+001, 1.9995363E+002, 9.4795543E-003, 1.6977216E+000, 7.5583662E+002, 4.4356696E+001, 2.8784730E+003,-1.1456044E+003, 1.1958215E+001, 5.3978453E+002
 9.3409159E+001, 1.6874154E+002, 7.2684973E-003, 1.1729637E+000, 6.6689356E+002, 3.7345060E+001, 2.5073741E+003,-1.1137558E+003, 1.1087625E+001, 5.0247121E+002
 9.3614960E+001, 1.6706453E+002, 6.7111629E-003, 9.5104810E-001, 6.3537470E+002, 3.7143338E+001, 2.3144595E+003,-1.1781483E+003, 1.2141111E+001, 4.9710291E+002
 9.3812768E+001, 1.7218207E+002, 7.1645811E-003, 9.3405067E-001, 6.3977373E+002, 3.8470130E+001, 2.4193399E+003,-1.2688026E+003, 1.2926521E+001, 5.0139069E+002
 9.4010576E+001, 1.7966094E+002, 7.7462804E-003, 1.0440155E+000, 6.5695440E+002, 4.0336079E+001, 2.5263249E+003,-1.3388076E+003, 1.3861117E+001, 5.0732453E+002
 9.4208385E+001, 1.8483096E+002, 8.4299302E-003, 1.0945651E+000, 6.6673110E+002, 4.1623940E+001, 2.6240422E+003,-1.3595709E+003, 1.4489571E+001, 5.1085837E+002
 9.4406193E+001, 1.8919071E+002, 8.9509622E-003, 1.2462643E+000, 6.8496282E+002, 4.2874399E+001, 2.8126118E+003,-1.4435478E+003, 1.5186510E+001, 5.1293205E+002
 9.4604001E+001, 1.9588551E+002, 9.6679014E-003, 1.4859781E+000, 7.0871647E+002, 4.4860209E+001, 3.5459711E+003,-1.6121537E+003, 1.6278478E+001, 5.1663388E+002
 9.4801810E+001, 2.1576584E+002, 1.1047512E-002, 1.8294336E+000, 7.5187723E+002, 5.0421025E+001, 4.1268168E+003,-2.0424041E+003, 1.9505665E+001, 5.3131301E+002
 9.5001022E+001, 2.4427542E+002, 1.3679786E-002, 2.1054361E+000, 8.0409653E+002, 5.6555389E+001, 3.8163011E+003,-1.8257453E+003, 2.2419713E+001, 5.4805896E+002
 9.5209652E+001, 2.4087247E+002, 1.5179661E-002, 2.4933050E+000, 8.3113798E+002, 5.5427927E+001, 3.6478475E+003,-1.4629350E+003, 2.1183200E+001, 5.4121293E+002
 9.5404304E+001, 2.0189212E+002, 1.2973582E-002, 2.2364786E+000, 7.6839745E+002, 4.6118483E+001, 3.2199739E+003,-1.3199117E+003, 1.7285205E+001, 5.0275527E+002
 9.5609574E+001, 1.7516626E+002, 1.0737969E-002, 1.2844927E+000, 6.4782767E+002, 3.9174889E+001, 2.7173820E+003,-9.9472327E+002, 1.5237306E+001, 4.7434545E+002
 9.5815905E+001, 1.5057707E+002, 8.4924089E-003, 7.9319765E-001, 5.7151206E+002, 3.2896314E+001, 2.2536146E+003,-8.5121568E+002, 1.2608651E+001, 4.4989772E+002
 9.6017175E+001, 1.3912863E+002, 7.0934857E-003, 6.2469968E-001, 5.4002189E+002, 3.0116806E+001, 1.9836288E+003,-8.6165098E+002, 1.1577034E+001, 4.3684722E+002
 9.6205598E+001, 1.4149739E+002, 6.9965405E-003, 7.9262519E-001, 5.5903061E+002, 3.1244112E+001, 2.0773803E+003,-9.8679047E+002, 1.2440535E+001, 4.3658514E+002
 9.6417575E+001, 1.4985586E+002, 7.9890405E-003, 8.7259718E-001, 5.7320145E+002, 3.3458092E+001, 2.2087701E+003,-1.0155654E+003, 1.3894530E+001, 4.4206463E+002
 9.6605998E+001, 1.5633717E+002, 8.8515647E-003, 1.0636236E+000, 5.9730769E+002, 3.5159929E+001, 2.4258940E+003,-1.1071252E+003, 1.4938451E+001, 4.4407202E+002
 9.6817974E+001, 1.7089644E+002, 1.0345849E-002, 1.5585723E+000, 6.5549300E+002, 3.9278232E+001, 2.9542267E+003,-1.3779613E+003, 1.7488711E+001, 4.5103520E+002
 9.7001329E+001, 1.9935970E+002, 1.4632114E-002, 2.3136542E+000, 7.2076654E+002, 4.6911602E+001, 3.9790744E+003,-1.6815543E+003, 2.1103018E+001, 4.5674039E+002
 9.7212208E+001, 2.3920859E+002, 3.4618159E-002, 1.9036920E+000, 8.0421988E+002, 5.5083049E+001, 3.6414107E+003,-1.8250617E+003, 1.8397859E+001, 5.7838849E+002
 9.7415464E+001, 2.3316933E+002, 1.0314350E-002, 2.0303366E+000, 8.2759383E+002, 5.2787269E+001, 3.4329937E+003,-1.5234679E+003, 1.5006647E+001, 5.7522258E+002
 9.7600242E+001, 2.2337166E+002, 9.6545979E-003, 2.1263146E+000, 8.1094799E+002, 5.1520674E+001, 4.4634542E+003,-1.7979551E+003, 1.6251942E+001, 5.6002766E+002
 9.7803499E+001, 2.3643062E+002, 1.0637195E-002, 2.2462811E+000, 8.3758362E+002, 5.4447032E+001, 3.8624925E+003,-1.7724240E+003, 1.7412281E+001, 5.7023475E+002
 9.8006755E+001, 2.2460842E+002, 1.1003694E-002, 1.9519751E+000, 7.9558634E+002, 5.1252247E+001, 3.1582426E+003,-1.4947540E+003, 1.6148271E+001, 5.5830373E+002
 9.8208163E+001, 1.9064966E+002, 9.5962521E-003, 9.1860538E-001, 6.5011482E+002, 4.1524949E+001, 2.3885916E+003,-9.8323362E+002, 1.3240157E+001, 5.1755722E+002
 9.8401257E+001, 1.4934756E+002, 7.2486926E-003, 3.6182618E-001, 5.4096531E+002, 3.1283563E+001, 1.9259926E+003,-6.9158716E+002, 9.4511888E+000, 4.7417072E+002
 9.8602481E+001, 1.2477158E+002, 5.0939494E-003, 1.9628375E-001, 4.7762578E+002, 2.5665437E+001, 1.5991457E+003,-5.8845545E+002, 7.8423942E+000, 4.4015518E+002
 9.8803704E+001, 1.1714468E+002, 4.0846905E-003, 1.9769814E-001, 4.6879624E+002, 2.4188535E+001, 1.5399295E+003,-6.0133451E+002, 7.6150617E+000, 4.2956421E+002
 9.9004928E+001, 1.2502609E+002, 4.0153545E-003, 4.2463041E-001, 5.1151582E+002, 2.6543341E+001, 1.7209686E+003,-7.3684485E+002, 9.0141071E+000, 4.3588928E+002
 9.9206152E+001, 1.3634770E+002, 4.9416640E-003, 5.7859929E-001, 5.4636819E+002, 2.9239884E+001, 1.8146565E+003,-7.9419530E+002, 1.0084206E+001, 4.4879295E+002
 9.9407375E+001, 1.5198326E+002, 5.7631508E-003, 1.2702590E+000, 6.3344406E+002, 3.4491859E+001, 2.6627220E+003,-1.4039447E+003, 1.2534862E+001, 4.6535213E+002
 9.9608599E+001, 1.9051772E+002, 8.7850491E-003, 1.5146955E+000, 6.9570864E+002, 4.4023169E+001, 3.1190693E+003,-1.5758003E+003, 1.7476621E+001, 5.0096182E+002
 9.9809823E+001, 2.0461748E+002, 1.1158287E-002, 1.6199934E+000, 7.2475140E+002, 4.6736056E+001, 2.9217656E+003,-1.4372332E+003, 1.7960344E+001, 5.1325451E+002
 1.0001105E+002, 2.0422542E+002, 1.1913802E-002, 2.1920096E+000, 7.7222202E+002, 4.7239864E+001, 3.3442659E+003,-1.5048986E+003, 1.8059863E+001, 5.0895443E+002
 1.0020317E+002, 2.0241714E+002, 1.2416084E-002, 2.1706490E+000, 7.6103657E+002, 4.6953533E+001, 3.3275363E+003,-1.3903336E+003, 1.8425618E+001, 5.0268972E+002
 1.0040401E+002, 1.9605827E+002, 1.2115156E-002, 1.9679436E+000, 7.3387436E+002, 4.5411287E+001, 4.0585679E+003,-1.5708962E+003, 1.8625859E+001, 4.9058049E+002
 1.0060484E+002, 2.1677785E+002, 1.3839397E-002, 2.2543348E+000, 7.6318893E+002, 5.0495860E+001, 4.5295743E+003,-1.7470961E+003, 2.2431901E+001, 4.9660884E+002
 1.0080567E+002, 2.3144475E+002, 1.8343869E-002, 2.3559704E+000, 7.7255088E+002, 5.3503575E+001, 3.6720111E+003,-1.6725445E+003, 2.4645026E+001, 4.9293072E+002
 1.0100651E+002, 2.2914461E+002, 1.8747629E-002, 1.9334059E+000, 7.6895796E+002, 5.2503446E+001, 3.0655158E+003,-1.5532037E+003, 1.9560018E+001, 5.4490976E+002
 1.0120734E+002, 2.0751893E+002, 4.9636892E-003, 1.0153982E+000, 6.9490272E+002, 4.5600872E+001, 1.5396638E+003,-1.0825507E+003, 1.3511894E+001, 5.4863854E+002
 1.0140818E+002, 1.9344975E+002, 7.5528957E-003, 1.3708157E+000, 7.1271140E+002, 4.3158010E+001, 3.3388998E+003,-1.5833130E+003, 1.3418383E+001, 5.2997994E+002
 1.0160901E+002, 2.1337980E+002, 8.3694812E-003, 1.3062264E+000, 7.2358310E+002, 4.7806317E+001, 3.4753572E+003,-1.5638023E+003, 1.5866418E+001, 5.4707662E+002
 1.0180985E+002, 2.1549592E+002, 9.4255329E-003, 1.1124958E+000, 7.0184780E+002, 4.7605049E+001, 2.5571349E+003,-1.2992385E+003, 1.5459500E+001, 5.4909121E+002
 1.0201068E+002, 1.9045995E+002, 8.7452567E-003, 9.1504342E-001, 6.6053076E+002, 4.1436564E+001, 2.3348693E+003,-1.2277583E+003, 1.2962246E+001, 5.2123180E+002
 1.0221151E+002, 1.7284764E+002, 7.5917316E-003, 7.7885961E-001, 6.2088256E+002, 3.7567175E+001, 2.1098101E+003,-9.8954676E+002, 1.2238831E+001, 5.0072087E+002
 1.0241235E+002, 1.5624523E+002, 6.8028477E-003, 7.4896864E-001, 5.9973189E+002, 3.3885425E+001, 2.0724732E+003,-9.1543525E+002, 1.0784297E+001, 4.8121390E+002
 1.0261318E+002, 1.5207064E+002, 6.1804352E-003, 9.2069638E-001, 6.1014769E+002, 3.3362240E+001, 2.1530592E+003,-9.4875875E+002, 1.0948124E+001, 4.7361514E+002
 1.0281402E+002, 1.4814499E+002, 6.3015908E-003, 7.5809566E-001, 5.8836044E+002, 3.2297244E+001, 1.9897839E+003,-8.3449766E+002, 1.0477485E+001, 4.7004691E+002
 1.0301284E+002, 1.4298522E+002, 5.9108399E-003, 8.1379386E-001, 5.8651135E+002, 3.1399745E+001, 2.1288697E+003,-1.0160343E+003, 1.0361902E+001, 4.6196511E+002
 1.0321167E+002, 1.5509315E+002, 6.3274839E-003, 7.9595298E-001, 5.9240369E+002, 3.4569094E+001, 2.1840987E+003,-1.1191066E+003, 1.2561975E+001, 4.7291072E+002
 1.0341049E+002, 1.7400940E+002, 7.6022191E-003, 1.1921508E+000, 6.5424677E+002, 3.9658742E+001, 3.0152316E+003,-1.6028970E+003, 1.5057650E+001, 4.8979398E+002
 1.0360932E+002, 1.8752442E+002, 9.5270011E-003, 7.0716839E-001, 6.0895786E+002, 4.1614693E+001, 2.2954062E+003,-1.0175270E+003, 1.6065698E+001, 5.0143302E+002
 1.0380815E+002, 1.7207917E+002, 9.0961094E-003, 1.1578790E+000, 6.4738252E+002, 3.8431942E+001, 2.9844359E+003,-1.4917868E+003, 1.3925909E+001, 4.8474262E+002
 1.0400697E+002, 1.9705361E+002, 9.7744534E-003, 1.6611799E+000, 6.9773174E+002, 4.5183626E+001, 3.2083254E+003,-1.5492825E+003, 1.8483693E+001, 4.9854127E+002
 1.0420580E+002, 1.9424695E+002, 1.1698941E-002, 7.7774454E-001, 6.1798848E+002, 4.2147731E+001, 2.1492394E+003,-8.1692988E+002, 1.6540311E+001, 4.9583612E+002
 1.0440462E+002, 1.5773353E+002, 8.8328199E-003, 9.9075189E-001, 6.0678381E+002, 3.4157873E+001, 2.2117025E+003,-9.3408812E+002, 1.2373463E+001, 4.6022452E+002
 1.0460345E+002, 1.4656629E+002, 7.4057686E-003, 7.2810728E-001, 5.6053408E+002, 3.1689227E+001, 1.9436080E+003,-7.4832195E+002, 1.1978595E+001, 4.4705458E+002
 1.0480228E+002, 1.3553491E+002, 6.6490841E-003, 6.7538567E-001, 5.4558960E+002, 2.9257699E+001, 1.9086284E+003,-7.8017163E+002, 1.0724080E+001, 4.3642923E+002
 1.0500110E+002, 1.3502081E+002, 6.2765363E-003, 6.5644669E-001, 5.3930807E+002, 2.9274057E+001, 1.8973530E+003,-8.0846480E+002, 1.1113352E+001, 4.3347398E+002
 1.0522202E+002, 1.3861483E+002, 6.6220410E-003, 6.9007818E-001, 5.4505821E+002, 3.0247426E+001, 1.9620941E+003,-8.5424966E+002, 1.1828171E+001, 4.3501455E+002
 1.0542085E+002, 1.4400933E+002, 7.2226433E-003, 7.8663078E-001, 5.5960276E+002, 3.1629760E+001, 2.0494826E+003,-8.9650291E+002, 1.2711858E+001, 4.3753187E+002
 1.0561967E+002, 1.4935537E+002, 7.8920140E-003, 9.2057017E-001, 5.7670682E+002, 3.3062416E+001, 2.1477342E+003,-9.3604730E+002, 1.3597878E+001, 4.3989709E+002
 1.0581850E+002, 1.5572068E+002, 8.6693801E-003, 1.0923483E+000, 5.9897497E+002, 3.4737451E+001, 2.2948535E+003,-9.9991132E+002, 1.4691774E+001, 4.4163336E+002
 1.0601732E+002, 1.7474406E+002, 1.0588749E-002, 1.7034042E+000, 6.6761755E+002, 3.9909861E+001, 2.7352708E+003,-1.2361934E+003, 1.7869275E+001, 4.5052479E+002
 1.0620716E+002, 1.9635504E+002, 3.5056013E-002, 2.0787173E+000, 7.1954519E+002, 4.5166398E+001, 3.0702450E+003,-1.3723228E+003, 2.0415591E+001, 4.7580018E+002
 1.0641402E+002, 2.1601535E+002, 2.5801710E-003, 1.8899235E+000, 7.7609988E+002, 4.9165731E+001, 3.4244055E+003,-1.4333818E+003, 1.6261758E+001, 5.4983032E+002
 1.0660717E+002, 2.2337416E+002, 8.5782126E-003, 2.0202497E+000, 8.0567704E+002, 5.0344894E+001, 3.3771764E+003,-1.5116519E+003, 1.5028191E+001, 5.6218968E+002
 1.0680033E+002, 1.9990468E+002, 8.8665034E-003, 1.0543254E+000, 6.8796591E+002, 4.3038556E+001, 2.0717376E+003,-8.4337244E+002, 1.2211406E+001, 5.3715694E+002
 1.0700051E+002, 1.5071510E+002, 6.5408088E-003, 9.7363106E-001, 6.2605556E+002, 3.2354397E+001, 1.9033664E+003,-9.2069147E+002, 8.7175473E+000, 4.8199796E+002
 1.0721298E+002, 1.3690252E+002, 5.1154934E-003, 5.1411971E-001, 5.5013501E+002, 2.9297284E+001, 1.5993703E+003,-7.6088775E+002, 8.7279220E+000, 4.6401725E+002
 1.0740034E+002, 1.2301832E+002, 4.4599789E-003, 2.5449121E-001, 4.9132380E+002, 2.5878033E+001, 1.4669987E+003,-6.7198991E+002, 7.5580889E+000, 4.4559694E+002
 1.0760431E+002, 1.1464097E+002, 3.8089533E-003, 9.8229216E-002, 4.5186543E+002, 2.3861086E+001, 1.3584519E+003,-6.0165641E+002, 6.9486028E+000, 4.3354751E+002
 1.0781699E+002, 1.1063690E+002, 3.3926462E-003, 7.6812793E-002, 4.4208039E+002, 2.3077824E+001, 1.3362315E+003,-6.2011094E+002, 6.8676898E+000, 4.2701419E+002
 1.0802266E+002, 1.1170786E+002, 3.2927998E-003, 1.0279284E-001, 4.4715597E+002, 2.3410477E+001, 1.3543584E+003,-6.2971713E+002, 7.1568885E+000, 4.2727712E+002
 1.0820262E+002, 1.1376836E+002, 3.4028851E-003, 1.5047091E-001, 4.5846542E+002, 2.3954761E+001, 1.4129590E+003,-6.4387201E+002, 7.4169517E+000, 4.2985001E+002
 1.0840829E+002, 1.1631925E+002, 3.5804559E-003, 2.0961632E-001, 4.7205460E+002, 2.4577114E+001, 1.5160708E+003,-6.6965464E+002, 7.6915584E+000, 4.3257471E+002
 1.0861396E+002, 1.2051227E+002, 3.8153276E-003, 2.9237984E-001, 4.9177314E+002, 2.5572439E+001, 1.6639843E+003,-7.3256781E+002, 8.2219041E+000, 4.3674334E+002
 1.0881963E+002, 1.2767975E+002, 4.2384249E-003, 4.5565232E-001, 5.2606551E+002, 2.7550372E+001, 1.8629343E+003,-8.6077446E+002, 9.1509229E+000, 4.4502639E+002
 1.0902530E+002, 1.4110519E+002, 4.9911091E-003, 6.9481355E-001, 5.6932979E+002, 3.1122581E+001, 2.1289773E+003,-1.0429927E+003, 1.0838049E+001, 4.5910696E+002
 1.0920527E+002, 1.5698320E+002, 6.1921145E-003, 9.9434351E-001, 6.2187147E+002, 3.5464729E+001, 2.4561899E+003,-1.2809996E+003, 1.2723980E+001, 4.7730841E+002
 1.0942062E+002, 1.8244549E+002, 7.9855020E-003, 1.6009727E+000, 6.9921578E+002, 4.2367731E+001, 3.7660146E+003,-1.8373717E+003, 1.6010728E+001, 4.9970801E+002
 1.0960990E+002, 2.2454495E+002, 1.1296965E-002, 2.0722155E+000, 7.8846569E+002, 5.2631740E+001, 3.9531393E+003,-1.7601319E+003, 2.0482474E+001, 5.3774583E+002
 1.0981448E+002, 2.3881646E+002, 1.3924581E-002, 2.3861533E+000, 8.2480679E+002, 5.5353700E+001, 4.1240872E+003,-1.7728459E+003, 2.1019010E+001, 5.4491552E+002
 1.1001906E+002, 2.3719063E+002, 1.4466742E-002, 2.6531545E+000, 8.3746418E+002, 5.4788844E+001, 3.8962831E+003,-1.5941916E+003, 2.1346292E+001, 5.3536174E+002
 1.1020520E+002, 2.1702993E+002, 1.4164169E-002, 2.3860813E+000, 7.9225352E+002, 4.9615406E+001, 3.1787493E+003,-1.2535807E+003, 1.9145296E+001, 5.1248942E+002
 1.1040954E+002, 1.9559400E+002, 1.2188277E-002, 2.0567092E+000, 7.3541886E+002, 4.4424329E+001, 3.0414419E+003,-1.3020716E+003, 1.7780053E+001, 4.8778350E+002
 1.1061204E+002, 1.8721494E+002, 1.1662902E-002, 1.4242332E+000, 6.6382420E+002, 4.1985079E+001, 2.6227972E+003,-1.2259794E+003, 1.7672420E+001, 4.7500905E+002
 1.1081454E+002, 1.8173023E+002, 1.1377687E-002, 1.3488385E+000, 6.4688891E+002, 4.0859724E+001, 2.4802776E+003,-1.1929247E+003, 1.7669039E+001, 4.6593326E+002
 1.1102109E+002, 1.6888030E+002, 1.0875233E-002, 1.1647607E+000, 6.1848012E+002, 3.7764792E+001, 2.3421360E+003,-1.1243779E+003, 1.6135301E+001, 4.5376965E+002
 1.1122157E+002, 1.6171629E+002, 1.2080993E-002, 1.1964623E+000, 6.0817899E+002, 3.6335915E+001, 2.3136220E+003,-1.0930531E+003, 1.6454059E+001, 4.3725253E+002
 1.1142204E+002, 1.5854762E+002, 1.3481955E-002, 1.3596406E+000, 5.9945132E+002, 3.5966604E+001, 2.3885231E+003,-1.0397831E+003, 1.5780397E+001, 4.1812059E+002
 1.1160024E+002, 1.6443526E+002, 2.0630994E-002, 1.5969839E+000, 6.3275938E+002, 3.8437507E+001, 3.0796126E+003,-1.4260823E+003, 1.8421566E+001, 4.4775469E+002
 1.1180072E+002, 1.9844775E+002, 2.1462551E-003, 9.6081771E-001, 6.5443952E+002, 4.5162890E+001, 2.5555530E+003,-1.3446246E+003, 1.6177053E+001, 5.3331916E+002
 1.1200119E+002, 1.7565270E+002, 7.0009383E-003, 1.8891850E-001, 5.5520753E+002, 3.6505556E+001, 1.3153547E+003,-6.5947188E+002, 9.9021686E+000, 5.1343325E+002
 1.1220166E+002, 1.4572064E+002, 5.3618687E-003, 7.0848613E-001, 5.8494624E+002, 3.0770699E+001, 1.8951255E+003,-9.5258296E+002, 8.9613342E+000, 4.7218179E+002
 1.1240214E+002, 1.5258720E+002, 5.0638549E-003, 5.7755833E-001, 5.7684716E+002, 3.2990752E+001, 2.0748821E+003,-9.6496849E+002, 1.0719648E+001, 4.8143377E+002
 1.1260261E+002, 1.7710607E+002, 5.9855537E-003, 1.1797919E+000, 6.6656907E+002, 4.0087215E+001, 3.6412682E+003,-1.6057686E+003, 1.4104527E+001, 5.0536421E+002
 1.1280309E+002, 1.9570761E+002, 8.1976481E-003, 5.1513509E-001, 6.1445337E+002, 4.2744837E+001, 2.1781296E+003,-9.2537192E+002, 1.4562814E+001, 5.2947378E+002
 1.1300356E+002, 1.6992436E+002, 7.7226437E-003, 6.9951436E-001, 6.1530975E+002, 3.6312971E+001, 2.2383788E+003,-1.0541034E+003, 1.1041088E+001, 4.9893380E+002
 1.1320404E+002, 1.6463559E+002, 6.6530032E-003, 7.5259887E-001, 6.0490927E+002, 3.5615302E+001, 2.1150939E+003,-9.8224579E+002, 1.1917465E+001, 4.8825434E+002
 1.1340451E+002, 1.6375605E+002, 6.7727767E-003, 9.0014966E-001, 6.2330204E+002, 3.5890616E+001, 2.3100805E+003,-1.1381493E+003, 1.2052611E+001, 4.8646175E+002
 1.1360499E+002, 1.8318083E+002, 7.5528724E-003, 1.2463437E+000, 6.7181401E+002, 4.1097135E+001, 2.6201366E+003,-1.3184388E+003, 1.4898766E+001, 5.0395563E+002
 1.1380546E+002, 1.9715894E+002, 9.1508710E-003, 1.4834213E+000, 7.0691636E+002, 4.4544611E+001, 3.2902420E+003,-1.6168137E+003, 1.5990219E+001, 5.1598306E+002
 1.1400127E+002, 2.2107887E+002, 1.0902113E-002, 1.9294770E+000, 7.7315914E+002, 5.1112694E+001, 3.5744962E+003,-1.7355608E+003, 1.9406905E+001, 5.3648833E+002
 1.1420070E+002, 2.2705383E+002, 1.2782102E-002, 1.7003497E+000, 7.5275173E+002, 5.1143918E+001, 2.7930987E+003,-1.3079544E+003, 1.8707523E+001, 5.3824384E+002
 1.1440012E+002, 1.9425726E+002, 1.0953401E-002, 1.4807290E+000, 6.9975650E+002, 4.3027275E+001, 2.6208047E+003,-1.1840582E+003, 1.5490353E+001, 5.0329805E+002
 1.1461949E+002, 1.7217892E+002, 9.3040071E-003, 1.1351850E+000, 6.3830810E+002, 3.7865658E+001, 2.3341058E+003,-9.4919323E+002, 1.3920659E+001, 4.7932719E+002
 1.1481891E+002, 1.6147920E+002, 8.2398512E-003, 1.1680438E+000, 6.3022795E+002, 3.5730277E+001, 2.4041861E+003,-1.0070903E+003, 1.3361833E+001, 4.6543399E+002
 1.1501833E+002, 1.6647997E+002, 8.5527309E-003, 1.1934901E+000, 6.3213526E+002, 3.7015838E+001, 2.3607682E+003,-1.0852797E+003, 1.4500773E+001, 4.6633581E+002
 1.1521576E+002, 1.7613229E+002, 9.4615830E-003, 1.4912099E+000, 6.7079501E+002, 4.0122841E+001, 2.9922484E+003,-1.5314514E+003, 1.6485977E+001, 4.7133792E+002
 1.1541319E+002, 2.1658711E+002, 1.2698299E-002, 2.1434183E+000, 7.4655527E+002, 5.0317318E+001, 3.3753049E+003,-1.8691601E+003, 2.2777213E+001, 4.9510239E+002
 1.1561062E+002, 2.2111481E+002, 1.7436577E-002, 1.5140505E+000, 6.9210443E+002, 5.0031444E+001, 2.6166024E+003,-1.1616768E+003, 2.3388004E+001, 4.8993632E+002
 1.1580576E+002, 1.8840325E+002, 1.7855304E-002, 2.0762121E+000, 6.9591234E+002, 4.3219314E+001, 2.9124279E+003,-1.3372496E+003, 1.8938149E+001, 4.4272587E+002
 1.1600218E+002, 1.7787940E+002, 1.3611230E-002, 1.6544857E+000, 6.4348660E+002, 4.0713715E+001, 2.6005046E+003,-1.0411368E+003, 2.0305114E+001, 4.3690886E+002
 1.1621824E+002, 1.6767630E+002, 1.2948231E-002, 1.8519993E+000, 6.7573006E+002, 3.8676234E+001, 3.1904187E+003,-1.4453871E+003, 1.6429352E+001, 4.4939641E+002
 1.1641466E+002, 1.8563652E+002, 4.7943456E-003, 7.6625412E-001, 6.2998043E+002, 4.0877241E+001, 2.1282188E+003,-1.0092144E+003, 1.3232626E+001, 5.2250847E+002
 1.1661109E+002, 1.6052262E+002, 6.3575671E-003, 4.2257272E-001, 5.7408954E+002, 3.3728020E+001, 1.9461076E+003,-8.5511813E+002, 9.6054940E+000, 4.9518992E+002
 1.1680358E+002, 1.4946993E+002, 5.2523473E-003, 4.4261049E-001, 5.5186448E+002, 3.1417998E+001, 1.7808495E+003,-7.4999957E+002, 9.7810695E+000, 4.7613330E+002
 1.1701964E+002, 1.4831732E+002, 5.0772107E-003, 5.4520007E-001, 5.6624500E+002, 3.1373149E+001, 1.8924197E+003,-7.7243427E+002, 9.7264190E+000, 4.7471471E+002
 1.1721410E+002, 1.4236111E+002, 5.0322407E-003, 4.0034713E-001, 5.3963510E+002, 2.9546216E+001, 1.6602602E+003,-6.3062401E+002, 8.9367261E+000, 4.6647634E+002
 1.1740856E+002, 1.3345849E+002, 4.6235945E-003, 6.9905549E-001, 5.6932398E+002, 2.8520703E+001, 1.8397215E+003,-8.1911077E+002, 8.4341284E+000, 4.5647290E+002
 1.1761814E+002, 1.3972949E+002, 4.6737313E-003, 6.2201686E-001, 5.6292098E+002, 3.0154419E+001, 1.8471786E+003,-8.1791376E+002, 9.6301023E+000, 4.6322448E+002
 1.1780827E+002, 1.4135197E+002, 5.0966427E-003, 6.2737124E-001, 5.6928952E+002, 3.0625205E+001, 1.9656069E+003,-8.4515463E+002, 9.6991316E+000, 4.6587380E+002
 1.1802218E+002, 1.4534057E+002, 5.3319483E-003, 7.8184683E-001, 5.9080365E+002, 3.1805353E+001, 2.0922063E+003,-9.3148581E+002, 1.0281000E+001, 4.6907654E+002
 1.1821231E+002, 1.5675250E+002, 5.9049266E-003, 1.1807351E+000, 6.4302127E+002, 3.5188011E+001, 2.3831316E+003,-1.1352904E+003, 1.1797462E+001, 4.8002186E+002
 1.1840245E+002, 1.7193963E+002, 7.0188471E-003, 1.3362161E+000, 6.7567095E+002, 3.8823733E+001, 2.7922889E+003,-1.2072712E+003, 1.3387723E+001, 4.9514745E+002
 1.1861144E+002, 1.9296923E+002, 8.6141135E-003, 2.0075144E+000, 7.5994448E+002, 4.4442895E+001, 3.6395319E+003,-1.4895823E+003, 1.5506449E+001, 5.1596499E+002
 1.1880322E+002, 2.0926879E+002, 1.0318252E-002, 2.0360018E+000, 7.7044248E+002, 4.7833638E+001, 3.3769992E+003,-1.3179889E+003, 1.6900750E+001, 5.2809505E+002
 1.1901632E+002, 2.0951230E+002, 1.1014246E-002, 2.2212817E+000, 7.8446485E+002, 4.7548554E+001, 3.0252195E+003,-1.2688781E+003, 1.6664770E+001, 5.2395107E+002
 1.1921863E+002, 1.9714079E+002, 1.0658251E-002, 1.7966435E+000, 7.3475370E+002, 4.3906673E+001, 2.6544830E+003,-1.1056889E+003, 1.5588277E+001, 5.0688894E+002
 1.1941015E+002, 1.9196075E+002, 1.0193501E-002, 2.1415475E+000, 7.5540414E+002, 4.3365557E+001, 2.7554220E+003,-1.1011337E+003, 1.5862105E+001, 4.9836035E+002
 1.1960167E+002, 1.7649557E+002, 1.0014025E-002, 1.5047858E+000, 6.8028901E+002, 3.8966732E+001, 2.2259808E+003,-8.4514155E+002, 1.3868420E+001, 4.8345727E+002
 1.1981234E+002, 1.5152185E+002, 7.8730288E-003, 1.2625766E+000, 6.2899033E+002, 3.3450900E+001, 2.1238360E+003,-9.3254917E+002, 1.1838791E+001, 4.5641532E+002
 1.2000000E+002, 1.4440783E+002, 7.1510901E-003, 8.3118005E-001, 5.7373301E+002, 3.1627610E+001, 1.9356897E+003,-8.4333681E+002, 1.1668522E+001, 4.4828228E+002
